Rk,Player,Year,Age,Tm,Pos,G,GS,Tgt,Rec,Ctch%,Yds,Y/R,TD,Lng,Y/Tgt,R/G,Y/G,Fmb,Player-additional
1,Marvin Harrison*+,2002,30,IND,WR,16,16,205,143,69.8%,1722,12.0,11,69,8.4,8.9,107.6,0,HarrMa00
2,Marvin Harrison*+,1999,27,IND,WR,16,16,184,115,62.5%,1663,14.5,12,57,9.0,7.2,103.9,2,HarrMa00
3,Reggie Wayne*+,2010,32,IND,WR,16,16,175,111,63.4%,1355,12.2,6,50,7.7,6.9,84.7,1,WaynRe00
4,Marvin Harrison*,2001,29,IND,WR,16,16,164,109,66.5%,1524,14.0,15,68,9.3,6.8,95.3,0,HarrMa00
5,Reggie Wayne*,2012,34,IND,WR,16,15,195,106,54.4%,1355,12.8,5,33,6.9,6.6,84.7,1,WaynRe00
6,Reggie Wayne*,2007,29,IND,WR,16,16,156,104,66.7%,1510,14.5,10,64,9.7,6.5,94.4,3,WaynRe00
7,Marvin Harrison*,2000,28,IND,WR,16,16,169,102,60.4%,1413,13.9,14,78,8.4,6.4,88.3,2,HarrMa00
8,Dallas Clark*+,2009,30,IND,TE,16,16,133,100,75.2%,1106,11.1,10,80,8.3,6.3,69.1,1,ClarDa00
9,Reggie Wayne*,2009,31,IND,WR,16,16,149,100,67.1%,1264,12.6,10,65,8.5,6.3,79.0,0,WaynRe00
10,Marvin Harrison*+,2006,34,IND,WR,16,16,148,95,64.2%,1366,14.4,12,68,9.2,5.9,85.4,1,HarrMa00
11,Marvin Harrison*,2003,31,IND,WR,15,15,142,94,66.2%,1272,13.5,10,79,9.0,6.3,84.8,2,HarrMa00
12,T.Y. Hilton*,2016,27,IND,WR,16,16,155,91,58.7%,1448,15.9,6,63,9.3,5.7,90.5,0,HiltT.00
13,Michael Pittman Jr.,2021,24,IND,WR,17,17,129,88,68.2%,1082,12.3,6,57,8.4,5.2,63.6,1,PittMi01
14,Marshall Faulk*,1998,25,IND,RB,16,15,106,86,81.1%,908,10.6,4,78,8.6,5.4,56.8,3,FaulMa00
15,Marvin Harrison*,2004,32,IND,WR,16,16,139,86,61.9%,1113,12.9,15,59,8.0,5.4,69.6,1,HarrMa00
16,Reggie Wayne*,2006,28,IND,WR,16,16,137,86,62.8%,1310,15.2,9,51,9.6,5.4,81.9,1,WaynRe00
17,Reggie Langhorne,1993,30,IND,WR,16,16,152,85,55.9%,1038,12.2,3,72,6.8,5.3,64.9,4,LangRe00
18,Reggie Wayne,2005,27,IND,WR,16,16,122,83,68.0%,1055,12.7,5,66,8.6,5.2,65.9,1,WaynRe00
19,Marvin Harrison*,2005,33,IND,WR,15,15,134,82,61.2%,1146,14.0,12,80,8.6,5.5,76.4,0,HarrMa00
20,T.Y. Hilton,2013,24,IND,WR,16,10,139,82,59.0%,1083,13.2,5,73,7.8,5.1,67.7,1,HiltT.00
21,T.Y. Hilton*,2014,25,IND,WR,15,15,131,82,62.6%,1345,16.4,7,73,10.3,5.5,89.7,3,HiltT.00
22,Joe Washington*,1979,26,BAL,RB,15,15,,82,0.0%,750,9.1,3,43,,5.5,50.0,8,WashJo00
23,Reggie Wayne*,2008,30,IND,WR,16,16,131,82,62.6%,1145,14.0,6,65,8.7,5.1,71.6,0,WaynRe00
24,Jack Doyle*,2017,27,IND,TE,15,15,108,80,74.1%,690,8.6,4,26,6.4,5.3,46.0,2,DoylJa00
25,Dallas Clark,2008,29,IND,TE,15,15,107,77,72.0%,848,11.0,6,33,7.9,5.1,56.5,2,ClarDa00
26,Reggie Wayne,2004,26,IND,WR,16,16,115,77,67.0%,1210,15.7,12,71,10.5,4.8,75.6,0,WaynRe00
27,T.Y. Hilton,2018,29,IND,WR,14,14,120,76,63.3%,1270,16.7,6,68,10.6,5.4,90.7,0,HiltT.00
28,Raymond Berry*,1961,28,BAL,LE,12,10,,75,0.0%,873,11.6,0,44,,6.3,72.8,0,BerrRa00
29,Reggie Wayne,2011,33,IND,WR,16,16,132,75,56.8%,960,12.8,4,56,7.3,4.7,60.0,0,WaynRe00
30,Raymond Berry*+,1960,27,BAL,LE,12,12,,74,0.0%,1298,17.5,10,70,,6.2,108.2,0,BerrRa00
31,Marvin Harrison,1997,25,IND,WR,16,15,117,73,62.4%,866,11.9,6,44,7.4,4.6,54.1,2,HarrMa00
32,Bill Brooks,1991,27,IND,WR,16,16,,72,0.0%,888,12.3,4,46,,4.5,55.5,0,BrooBi00
33,Lydell Mitchell,1974,25,BAL,RB,14,14,,72,0.0%,544,7.6,2,24,,5.1,38.9,6,MitcLy00
34,Albert Bentley,1990,30,IND,FB,16,15,,71,0.0%,664,9.4,2,73,,4.4,41.5,2,BentAl00
35,Matt Bouza,1986,27,IND,WR,16,14,,71,0.0%,830,11.7,5,33,,4.4,51.9,0,BouzMa00
36,Lydell Mitchell*,1977,28,BAL,RB,14,14,,71,0.0%,620,8.7,4,38,,5.1,44.3,5,MitcLy00
37,Pierre Garcon,2011,25,IND,WR,16,16,134,70,52.2%,947,13.5,6,87,7.1,4.4,59.2,2,GarcPi00
38,T.Y. Hilton*,2015,26,IND,WR,16,15,134,69,51.5%,1124,16.3,5,87,8.4,4.3,70.3,1,HiltT.00
39,Sean Dawkins,1997,26,IND,WR,14,12,111,68,61.3%,804,11.8,2,51,7.2,4.9,57.4,0,DawkSe00
40,Brandon Stokley,2004,28,IND,wr,16,3,102,68,66.7%,1077,15.8,10,69,10.6,4.3,67.3,1,StokBr00
41,Reggie Wayne,2003,25,IND,WR,16,16,107,68,63.6%,838,12.3,7,57,7.8,4.3,52.4,0,WaynRe00
42,Pierre Garcon,2010,24,IND,WR,14,14,119,67,56.3%,784,11.7,6,57,6.6,4.8,56.0,0,GarcPi00
43,Jacob Tamme,2010,25,IND,TE,16,8,93,67,72.0%,631,9.4,4,30,6.8,4.2,39.4,0,TammJa00
44,Raymond Berry*+,1959,26,BAL,LE,12,12,,66,0.0%,959,14.5,14,55,,5.5,79.9,0,BerrRa00
45,Eric Ebron*,2018,25,IND,TE,16,8,110,66,60.0%,750,11.4,13,53,6.8,4.1,46.9,1,EbroEr00
46,Bill Brooks,1986,22,IND,WR,16,12,,65,0.0%,1131,17.4,8,84,,4.1,70.7,2,BrooBi00
47,Reggie Langhorne,1992,29,IND,WR,16,12,124,65,52.4%,811,12.5,1,34,6.5,4.1,50.7,0,LangRe00
48,Marvin Harrison,1996,24,IND,WR,16,15,118,64,54.2%,836,13.1,8,41,7.1,4.0,52.3,1,HarrMa00
49,Jessie Hester,1993,30,IND,WR,16,16,130,64,49.2%,835,13.0,1,58,6.4,4.0,52.2,1,HestJe00
50,Donte Moncrief,2015,22,IND,wr,16,10,105,64,61.0%,733,11.5,6,33,7.0,4.0,45.8,0,MoncDo00
51,Reggie Wayne,2014,36,IND,WR,15,15,116,64,55.2%,779,12.2,2,80,6.7,4.3,51.9,1,WaynRe00
52,Bill Brooks,1989,25,IND,WR,16,16,,63,0.0%,919,14.6,4,55,,3.9,57.4,1,BrooBi00
53,Nyheim Hines,2018,22,IND,rb,16,4,81,63,77.8%,425,6.7,2,28,5.2,3.9,26.6,1,HineNy00
54,Nyheim Hines,2020,24,IND,rb,16,2,76,63,82.9%,482,7.7,4,29,6.3,3.9,30.1,0,HineNy00
55,Edgerrin James*,2000,22,IND,RB,16,16,87,63,72.4%,594,9.4,5,60,6.8,3.9,37.1,5,JameEd00
56,Willie Richardson*+,1967,28,BAL,FL,14,13,,63,0.0%,860,13.7,8,31,,4.5,61.4,1,RichWi00
57,Bill Brooks,1990,26,IND,WR,16,16,,62,0.0%,823,13.3,5,75,,3.9,51.4,0,BrooBi00
58,Edgerrin James*+,1999,21,IND,RB,16,16,82,62,75.6%,586,9.5,4,54,7.1,3.9,36.6,8,JameEd00
59,Roger Carr,1980,28,BAL,WR,16,16,,61,0.0%,924,15.1,5,43,,3.8,57.8,0,CarrRo00
60,Edgerrin James,2002,24,IND,RB,14,14,80,61,76.3%,354,5.8,1,23,4.4,4.4,25.3,4,JameEd00
61,Donnie Avery,2012,28,IND,WR,16,15,124,60,48.4%,781,13.0,3,48,6.3,3.8,48.8,1,AverDo00
62,Austin Collie,2009,24,IND,wr,16,5,89,60,67.4%,676,11.3,7,39,7.6,3.8,42.3,0,CollAu00
63,Marvin Harrison,2008,36,IND,WR,15,15,107,60,56.1%,636,10.6,5,67,5.9,4.0,42.4,1,HarrMa00
64,Jessie Hester,1991,28,IND,WR,16,16,,60,0.0%,753,12.6,5,49,,3.8,47.1,3,HestJe00
65,Lydell Mitchell*,1975,26,BAL,RB,14,14,,60,0.0%,544,9.1,4,35,,4.3,38.9,5,MitcLy00
66,Lydell Mitchell*,1976,27,BAL,RB,14,14,,60,0.0%,555,9.3,3,40,,4.3,39.6,4,MitcLy00
67,Jack Doyle,2016,26,IND,TE,16,14,75,59,78.7%,584,9.9,5,24,7.8,3.7,36.5,1,DoylJa00
68,Marvin Harrison,1998,26,IND,WR,12,12,122,59,48.4%,776,13.2,7,61,6.4,4.9,64.7,0,HarrMa00
69,Raymond Berry,1965,32,BAL,LE,14,14,,58,0.0%,739,12.7,7,40,,4.1,52.8,0,BerrRa00
70,Dallas Clark,2007,28,IND,TE,15,15,101,58,57.4%,616,10.6,11,39,6.1,3.9,41.1,0,ClarDa00
71,Austin Collie,2010,25,IND,wr,9,6,71,58,81.7%,649,11.2,8,73,9.1,6.4,72.1,1,CollAu00
72,Anthony Gonzalez,2008,24,IND,wr,16,2,79,57,72.2%,664,11.6,4,58,8.4,3.6,41.5,0,GonzAn00
73,T.Y. Hilton*,2017,28,IND,WR,16,16,109,57,52.3%,966,16.9,4,80,8.9,3.6,60.4,2,HiltT.00
74,Raymond Berry*+,1958,25,BAL,LE,12,12,,56,0.0%,794,14.2,9,54,,4.7,66.2,0,BerrRa00
75,Raymond Berry,1966,33,BAL,LE,14,14,,56,0.0%,786,14.0,7,40,,4.0,56.1,0,BerrRa00
76,Marshall Faulk*,1995,22,IND,RB,16,16,74,56,75.7%,475,8.5,3,34,6.4,3.5,29.7,8,FaulMa00
77,Marshall Faulk,1996,23,IND,RB,13,13,80,56,70.0%,428,7.6,0,30,5.4,4.3,32.9,2,FaulMa00
78,T.Y. Hilton,2020,31,IND,WR,15,15,93,56,60.2%,762,13.6,5,50,8.2,3.7,50.8,0,HiltT.00
79,Anthony Johnson,1993,26,IND,FB,13,8,68,55,80.9%,443,8.1,0,36,6.5,4.2,34.1,5,JohnAn00
80,John Mackey*+,1967,26,BAL,TE,14,14,,55,0.0%,686,12.5,3,34,,3.9,49.0,1,MackJo00
81,Don McCauley,1979,30,BAL,rb,15,1,,55,0.0%,575,10.5,3,35,,3.7,38.3,3,McCaDo00
82,Jimmy Orr,1962,27,BAL,FL,14,14,,55,0.0%,974,17.7,11,80,,3.9,69.6,0,OrrxJi00
83,Bill Brooks,1988,24,IND,WR,16,16,,54,0.0%,867,16.1,3,53,,3.4,54.2,1,BrooBi00
84,Austin Collie,2011,26,IND,wr,16,5,96,54,56.3%,514,9.5,1,27,5.4,3.4,32.1,0,CollAu00
85,Sean Dawkins,1996,25,IND,WR,15,14,91,54,59.3%,751,13.9,1,42,8.3,3.6,50.1,1,DawkSe00
86,Coby Fleener,2015,27,IND,TE,16,11,84,54,64.3%,491,9.1,3,57,5.8,3.4,30.7,0,FleeCo00
87,Jessie Hester,1990,27,IND,WR,16,14,,54,0.0%,924,17.1,6,64,,3.4,57.8,0,HestJe00
88,Chester Rogers,2018,24,IND,WR,16,10,72,53,73.6%,485,9.2,2,34,6.7,3.3,30.3,1,RogeCh02
89,Albert Bentley,1989,29,IND,FB,16,8,,52,0.0%,525,10.1,3,61,,3.3,32.8,3,BentAl00
90,Sean Dawkins,1995,24,IND,WR,16,13,84,52,61.9%,784,15.1,3,52,9.3,3.3,49.0,1,DawkSe00
91,Marshall Faulk*,1994,21,IND,RB,16,16,74,52,70.3%,522,10.0,1,85,7.1,3.3,32.6,5,FaulMa00
92,Coby Fleener,2013,25,IND,TE,16,12,87,52,59.8%,608,11.7,4,44,7.0,3.3,38.0,1,FleeCo00
93,Jessie Hester,1992,29,IND,WR,16,16,122,52,42.6%,792,15.2,1,81,6.5,3.3,49.5,0,HestJe00
94,Andre Rison,1989,22,IND,WR,16,13,,52,0.0%,820,15.8,4,61,,3.3,51.3,1,RisoAn00
95,Floyd Turner,1994,28,IND,WR,16,16,87,52,59.8%,593,11.4,6,28,6.8,3.3,37.1,1,TurnFl00
96,Joseph Addai,2009,26,IND,RB,15,15,63,51,81.0%,336,6.6,3,25,5.3,3.4,22.4,1,AddaJo00
97,Raymond Berry,1962,29,BAL,LE,14,12,,51,0.0%,687,13.5,3,37,,3.6,49.1,1,BerrRa00
98,Bill Brooks,1987,23,IND,WR,12,12,,51,0.0%,722,14.2,3,52,,4.3,60.2,3,BrooBi00
99,Sean Dawkins,1994,23,IND,WR,16,16,99,51,51.5%,742,14.5,5,49,7.5,3.2,46.4,1,DawkSe00
100,Coby Fleener,2014,26,IND,TE,16,12,92,51,55.4%,774,15.2,8,73,8.4,3.2,48.4,0,FleeCo00
101,Edgerrin James,2003,25,IND,RB,13,13,71,51,71.8%,292,5.7,0,17,4.1,3.9,22.5,5,JameEd00
102,Edgerrin James*,2004,26,IND,RB,16,16,60,51,85.0%,483,9.5,0,56,8.1,3.2,30.2,6,JameEd00
103,Don McCauley,1977,28,BAL,rb,14,0,,51,0.0%,495,9.7,2,34,,3.6,35.4,2,McCaDo00
104,Joe Washington,1980,27,BAL,RB,16,11,,51,0.0%,494,9.7,3,33,,3.2,30.9,5,WashJo00
105,T.Y. Hilton,2012,23,IND,wr,15,1,90,50,55.6%,861,17.2,7,61,9.6,3.3,57.4,1,HiltT.00
106,John Mackey*+,1966,25,BAL,TE,14,14,,50,0.0%,829,16.6,9,89,,3.6,59.2,0,MackJo00
107,Randy McMillan,1981,23,BAL,FB,16,16,,50,0.0%,466,9.3,1,31,,3.1,29.1,1,McMiRa00
108,Lenny Moore*+,1958,25,BAL,RH,12,12,,50,0.0%,938,18.8,7,77,,4.2,78.2,5,MoorLe00
109,Jerome Pathon,1998,23,IND,WR,16,15,106,50,47.2%,511,10.2,1,45,4.8,3.1,31.9,0,PathJe00
110,Jerome Pathon,2000,25,IND,WR,16,10,89,50,56.2%,646,12.9,3,38,7.3,3.1,40.4,0,PathJe00
111,Anthony Johnson,1992,25,IND,RB,15,13,60,49,81.7%,517,10.6,3,57,8.6,3.3,34.5,6,JohnAn00
112,Lenny Moore*+,1961,28,BAL,RHB,13,13,,49,0.0%,728,14.9,8,72,,3.8,56.0,1,MoorLe00
113,Reggie Wayne,2002,24,IND,WR,16,7,72,49,68.1%,716,14.6,4,49,9.9,3.1,44.8,2,WaynRe00
114,Tom Matte,1963,24,BAL,HB,14,13,,48,0.0%,466,9.7,1,49,,3.4,33.3,2,MattTo00
115,Raymond Berry,1957,24,BAL,LE,12,12,,47,0.0%,800,17.0,6,67,,3.9,66.7,0,BerrRa00
116,Ken Dilger,2000,29,IND,TE,16,16,72,47,65.3%,538,11.4,3,32,7.5,2.9,33.6,1,DilgKe00
117,Marshall Faulk,1997,24,IND,RB,16,16,73,47,64.4%,471,10.0,1,58,6.5,2.9,29.4,5,FaulMa00
118,Pierre Garcon,2009,23,IND,WR,14,13,92,47,51.1%,765,16.3,4,66,8.3,3.4,54.6,1,GarcPi00
119,Eddie Hinton,1970,23,BAL,WR,13,13,,47,0.0%,733,15.6,5,40,,3.6,56.4,0,HintEd00
120,Lenny Moore*+,1959,26,BAL,RH,12,12,,47,0.0%,846,18.0,6,71,,3.9,70.5,4,MoorLe00
121,Marcus Pollard,2001,29,IND,TE,16,16,73,47,64.4%,739,15.7,8,86,10.1,2.9,46.2,0,PollMa00
122,Ray Butler,1981,25,BAL,WR,16,16,,46,0.0%,832,18.1,9,67,,2.9,52.0,0,ButlRa00
123,Dwayne Allen,2012,22,IND,TE,16,16,66,45,68.2%,521,11.6,3,40,7.9,2.8,32.6,1,AlleDw00
124,T.Y. Hilton,2019,30,IND,WR,10,10,68,45,66.2%,501,11.1,5,35,7.4,4.5,50.1,0,HiltT.00
125,John Mackey*+,1968,27,BAL,TE,14,14,,45,0.0%,644,14.3,5,45,,3.2,46.0,1,MackJo00
126,Lenny Moore*+,1960,27,BAL,RHB,12,12,,45,0.0%,936,20.8,9,80,,3.8,78.0,3,MoorLe00
127,Jimmy Orr*+,1965,30,BAL,FL,14,14,,45,0.0%,847,18.8,10,57,,3.2,60.5,1,OrrxJi00
128,Dominic Rhodes,2008,29,IND,rb,15,4,59,45,76.3%,302,6.7,3,29,5.1,3.0,20.1,0,RhodDo00
129,Torrance Small,1998,28,IND,wr,16,4,87,45,51.7%,681,15.1,7,53,7.8,2.8,42.6,0,SmalTo00
130,Joe Washington,1978,25,BAL,RB,16,12,,45,0.0%,377,8.4,1,33,,2.8,23.6,12,WashJo00
131,Raymond Berry*,1963,30,BAL,LE,9,9,,44,0.0%,703,16.0,3,64,,4.9,78.1,0,BerrRa00
132,Bill Brooks,1992,28,IND,WR,14,10,81,44,54.3%,468,10.6,1,26,5.8,3.1,33.4,0,BrooBi00
133,Nyheim Hines,2019,23,IND,rb,16,2,58,44,75.9%,320,7.3,0,21,5.5,2.8,20.0,1,HineNy00
134,Qadry Ismail,2002,32,IND,WR,14,14,84,44,52.4%,462,10.5,3,42,5.5,3.1,33.0,0,IsmaQa00
135,Edgerrin James*,2005,27,IND,RB,15,15,50,44,88.0%,337,7.7,1,20,6.7,2.9,22.5,2,JameEd00
136,Roy Jefferson,1970,27,BAL,WR,14,14,,44,0.0%,749,17.0,7,55,,3.1,53.5,1,JeffRo00
137,Jim Mutscheller,1956,26,BAL,RE,12,12,,44,0.0%,715,16.3,6,53,,3.7,59.6,0,MutsJi00
138,Jim Mutscheller,1959,29,BAL,RE,12,12,,44,0.0%,699,15.9,8,40,,3.7,58.3,2,MutsJi00
139,Zach Pascal,2020,26,IND,WR,16,14,71,44,62.0%,629,14.3,5,42,8.9,2.8,39.3,0,PascZa00
140,Raymond Berry*,1964,31,BAL,LE,12,12,,43,0.0%,663,15.4,6,46,,3.6,55.3,0,BerrRa00
141,Ray Butler,1984,28,IND,WR,16,15,,43,0.0%,664,15.4,6,74,,2.7,41.5,0,ButlRa00
142,Roger Carr*,1976,24,BAL,WR,14,14,,43,0.0%,1112,25.9,11,79,,3.1,79.4,0,CarrRo00
143,Kerry Cash,1992,23,IND,TE,16,16,75,43,57.3%,521,12.1,3,41,6.9,2.7,32.6,0,CashKe01
144,Kerry Cash,1993,24,IND,TE,16,14,76,43,56.6%,402,9.3,3,37,5.3,2.7,25.1,2,CashKe01
145,Jack Doyle*,2019,29,IND,TE,16,16,72,43,59.7%,448,10.4,4,23,6.2,2.7,28.0,1,DoylJa00
146,Tom Matte*,1969,30,BAL,RB,14,14,,43,0.0%,513,11.9,2,49,,3.1,36.6,4,MattTo00
147,Marcus Pollard,2002,30,IND,TE,15,15,69,43,62.3%,478,11.1,6,41,6.9,2.9,31.9,1,PollMa00
148,Willie Richardson,1969,30,BAL,WR,14,14,,43,0.0%,646,15.0,3,39,,3.1,46.1,2,RichWi00
149,Terrence Wilkins,2000,25,IND,wr,14,7,67,43,64.2%,569,13.2,3,43,8.5,3.1,40.6,4,WilkTe00
150,Matt Bouza,1987,28,IND,WR,12,12,,42,0.0%,569,13.5,4,44,,3.5,47.4,2,BouzMa00
151,Ken Dilger,1995,24,IND,TE,16,13,55,42,76.4%,635,15.1,4,42,11.5,2.6,39.7,0,DilgKe00
152,Ken Dilger,1996,25,IND,TE,16,16,60,42,70.0%,503,12.0,4,51,8.4,2.6,31.4,1,DilgKe00
153,Anthony Johnson,1991,24,IND,fb,9,6,,42,0.0%,344,8.2,0,24,,4.7,38.2,2,JohnAn00
154,Terrence Wilkins,1999,24,IND,WR,16,11,67,42,62.7%,565,13.5,4,80,8.4,2.6,35.3,3,WilkTe00
155,Joseph Addai*,2007,24,IND,RB,15,15,48,41,85.4%,364,8.9,3,73,7.6,2.7,24.3,0,AddaJo00
156,Eric Dickerson,1991,31,IND,RB,10,9,,41,0.0%,269,6.6,1,26,,4.1,26.9,6,DickEr00
157,Andre Johnson,2015,34,IND,WR,16,14,77,41,53.2%,503,12.3,4,35,6.5,2.6,31.4,0,JohnAn02
158,Jimmy Orr,1963,28,BAL,FL,12,11,,41,0.0%,708,17.3,5,60,,3.4,59.0,1,OrrxJi00
159,Zach Pascal,2019,25,IND,WR,16,13,72,41,56.9%,607,14.8,5,37,8.4,2.6,37.9,0,PascZa00
160,Brandon Stokley,2005,29,IND,wr,15,4,67,41,61.2%,543,13.2,1,45,8.1,2.7,36.2,0,StokBr00
161,Joseph Addai,2006,23,IND,rb,16,0,50,40,80.0%,325,8.1,1,21,6.5,2.5,20.3,2,AddaJo00
162,Ken Dilger,1999,28,IND,TE,15,15,47,40,85.1%,479,12.0,2,30,10.2,2.7,31.9,1,DilgKe00
163,Glenn Doughty,1976,25,BAL,WR,14,14,,40,0.0%,628,15.7,5,41,,2.9,44.9,2,DougGl00
164,Dan Edwards,1954,28,BAL,RE,12,12,,40,0.0%,531,13.3,1,42,,3.3,44.3,0,EdwaDa00
165,Nyheim Hines,2021,25,IND,rb,17,4,57,40,70.2%,310,7.8,1,36,5.4,2.4,18.2,3,HineNy00
166,John Mackey*,1965,24,BAL,TE,14,14,,40,0.0%,814,20.4,7,68,,2.9,58.1,2,MackJo00
167,Tom Mitchell,1972,28,BAL,TE,14,14,,40,0.0%,494,12.4,4,34,,2.9,35.3,1,MitcTo00
168,Lenny Moore,1957,24,BAL,RH,12,12,,40,0.0%,687,17.2,7,82,,3.3,57.3,6,MoorLe00
169,Jimmy Orr,1964,29,BAL,FL,14,14,,40,0.0%,867,21.7,6,69,,2.9,61.9,2,OrrxJi00
170,Michael Pittman Jr.,2020,23,IND,WR,13,8,61,40,65.6%,503,12.6,1,45,8.2,3.1,38.7,0,PittMi01
171,Marcus Pollard,2003,31,IND,TE,14,13,57,40,70.2%,541,13.5,3,70,9.5,2.9,38.6,1,PollMa00
172,Jonathan Taylor*+,2021,22,IND,RB,17,17,51,40,78.4%,360,9.0,2,76,7.1,2.4,21.2,4,TaylJo02
173,Glenn Doughty,1975,24,BAL,WR,14,14,,39,0.0%,666,17.1,4,63,,2.8,47.6,0,DougGl00
174,Tracy Porter,1984,25,IND,WR,16,12,,39,0.0%,590,15.1,2,63,,2.4,36.9,2,PortTr00
175,Ahmad Bradshaw,2014,28,IND,rb,10,1,47,38,80.9%,300,7.9,6,22,6.4,3.8,30.0,3,BradAh00
176,Roger Carr,1981,29,BAL,WR,15,15,,38,0.0%,584,15.4,3,43,,2.5,38.9,0,CarrRo00
177,Raymond Chester,1975,27,BAL,TE,14,14,,38,0.0%,457,12.0,3,32,,2.7,32.6,1,ChesRa00
178,Frank Gore,2016,33,IND,RB,16,16,47,38,80.9%,277,7.3,4,49,5.9,2.4,17.3,2,GoreFr00
179,Hakeem Nicks,2014,26,IND,wr,16,6,68,38,55.9%,405,10.7,4,29,6.0,2.4,25.3,0,NickHa01
180,Zach Pascal,2021,27,IND,WR,16,13,69,38,55.1%,384,10.1,3,41,5.6,2.4,24.0,1,PascZa00
181,Reggie Wayne,2013,35,IND,wr,7,7,58,38,65.5%,503,13.2,2,35,8.7,5.4,71.9,0,WaynRe00
182,Raymond Berry,1956,23,BAL,LE,12,9,,37,0.0%,601,16.2,2,54,,3.1,50.1,1,BerrRa00
183,Raymond Chester,1974,26,BAL,TE,14,14,,37,0.0%,461,12.5,1,45,,2.6,32.9,3,ChesRa00
184,Dallas Clark,2005,26,IND,TE,15,14,52,37,71.2%,488,13.2,4,56,9.4,2.5,32.5,0,ClarDa00
185,Dallas Clark,2010,31,IND,te,6,6,53,37,69.8%,347,9.4,3,50,6.5,6.2,57.8,0,ClarDa00
186,Curtis Dickey,1981,25,BAL,RB,15,15,,37,0.0%,419,11.3,3,50,,2.5,27.9,8,DickCu00
187,Anthony Gonzalez,2007,23,IND,WR,13,9,51,37,72.5%,576,15.6,3,57,11.3,2.8,44.3,0,GonzAn00
188,Reese McCall,1979,23,BAL,TE,14,12,,37,0.0%,536,14.5,4,36,,2.6,38.3,1,McCaRe00
189,Jimmy Orr,1966,31,BAL,FL,13,13,,37,0.0%,618,16.7,3,61,,2.8,47.5,0,OrrxJi00
190,Willie Richardson*,1968,29,BAL,FL,14,14,,37,0.0%,698,18.9,8,79,,2.6,49.9,0,RichWi00
191,Ben Utecht,2006,25,IND,TE,15,15,53,37,69.8%,377,10.2,0,26,7.1,2.5,25.1,1,UtecBe00
192,Pat Beach,1985,26,IND,TE,16,16,,36,0.0%,376,10.4,6,30,,2.3,23.5,3,BeacPa00
193,Eric Dickerson*+,1988,28,IND,RB,16,16,,36,0.0%,377,10.5,1,50,,2.3,23.6,5,DickEr00
194,Don McCauley,1981,32,BAL,rb,16,0,,36,0.0%,347,9.6,2,31,,2.3,21.7,0,McCaDo00
195,Dominic Rhodes,2006,27,IND,RB,16,16,47,36,76.6%,251,7.0,0,27,5.3,2.3,15.7,3,RhodDo00
196,Jonathan Taylor,2020,21,IND,RB,15,13,39,36,92.3%,299,8.3,1,39,7.7,2.4,19.9,1,TaylJo02
197,Troy Walters,2003,27,IND,wr,15,4,52,36,69.2%,456,12.7,3,46,8.8,2.4,30.4,0,WaltTr00
198,Blair White,2010,23,IND,wr,13,4,57,36,63.2%,355,9.9,5,33,6.2,2.8,27.3,1,WhitBl00
199,Dwayne Allen,2016,26,IND,TE,14,14,52,35,67.3%,406,11.6,6,23,7.8,2.5,29.0,1,AlleDw00
200,Glenn Doughty,1979,28,BAL,WR,15,15,,35,0.0%,510,14.6,2,54,,2.3,34.0,0,DougGl00
201,Dan Edwards,1953,27,BAL,RE,12,12,,35,0.0%,312,8.9,3,32,,2.9,26.0,0,EdwaDa00
202,Ryan Grant,2018,28,IND,WR,14,10,52,35,67.3%,334,9.5,1,23,6.4,2.5,23.9,0,GranRy01
203,John Mackey*,1963,22,BAL,TE,14,14,,35,0.0%,726,20.7,7,61,,2.5,51.9,2,MackJo00
204,Tom Matte,1967,28,BAL,HB,14,14,,35,0.0%,496,14.2,3,88,,2.5,35.4,1,MattTo00
205,Floyd Turner,1995,29,IND,WR,14,12,64,35,54.7%,431,12.3,4,47,6.7,2.5,30.8,0,TurnFl00
206,Albert Bentley,1987,27,IND,rb,12,4,,34,0.0%,447,13.1,2,72,,2.8,37.3,3,BentAl00
207,Ray Butler,1980,24,BAL,WR,16,16,,34,0.0%,574,16.9,2,42,,2.1,35.9,0,ButlRa00
208,Dallas Clark,2011,32,IND,TE,11,10,65,34,52.3%,352,10.4,2,21,5.4,3.1,32.0,1,ClarDa00
209,Frank Gore,2015,32,IND,RB,16,16,58,34,58.6%,267,7.9,1,34,4.6,2.1,16.7,4,GoreFr00
210,John Mackey,1969,28,BAL,TE,14,14,,34,0.0%,443,13.0,2,52,,2.4,31.6,1,MackJo00
211,Don McCauley,1976,27,BAL,rb,13,1,,34,0.0%,347,10.2,2,44,,2.6,26.7,2,McCaDo00
212,Don McCauley,1978,29,BAL,rb,15,1,,34,0.0%,296,8.7,0,21,,2.3,19.7,2,McCaDo00
213,Don McCauley,1980,31,BAL,rb,16,0,,34,0.0%,313,9.2,4,19,,2.1,19.6,1,McCaDo00
214,Randy McMillan,1986,28,IND,FB,16,16,,34,0.0%,289,8.5,0,45,,2.1,18.1,5,McMiRa00
215,Joe Perry,1961,34,BAL,FB,13,13,,34,0.0%,322,9.5,1,27,,2.6,24.8,3,PerrJo00
216,Marcus Pollard,1999,27,IND,TE,16,12,45,34,75.6%,374,11.0,4,33,8.3,2.1,23.4,2,PollMa00
217,Dominic Rhodes,2001,22,IND,RB,15,10,55,34,61.8%,224,6.6,0,19,4.1,2.3,14.9,6,RhodDo00
218,Terrence Wilkins,2001,26,IND,wr,11,4,56,34,60.7%,332,9.8,0,28,5.9,3.1,30.2,1,WilkTe00
219,Ken Clark,1991,25,IND,TE,16,7,,33,0.0%,245,7.4,0,23,,2.1,15.3,4,ClarKe00
220,Phillip Dorsett,2016,23,IND,wr,15,7,59,33,55.9%,528,16.0,2,64,8.9,2.2,35.2,1,DorsPh00
221,Sam Havrilak,1972,25,BAL,WR,14,14,,33,0.0%,571,17.3,4,62,,2.4,40.8,0,HavrSa00
222,Tom Mitchell,1971,27,BAL,TE,14,9,,33,0.0%,402,12.2,0,35,,2.4,28.7,0,MitcTo00
223,Jim Mutscheller,1955,25,BAL,RE,12,12,,33,0.0%,518,15.7,7,48,,2.8,43.2,0,MutsJi00
224,Ken Dilger*,2001,30,IND,TE,16,16,54,32,59.3%,343,10.7,1,44,6.4,2.0,21.4,2,DilgKe00
225,L.G. Dupre,1957,25,BAL,LH,12,11,,32,0.0%,339,10.6,2,43,,2.7,28.3,1,DuprL.00
226,Donte Moncrief,2014,21,IND,wr,16,2,49,32,65.3%,444,13.9,3,79,9.1,2.0,27.8,0,MoncDo00
227,Jim Mutscheller*,1957,27,BAL,RE,12,11,,32,0.0%,558,17.4,8,66,,2.7,46.5,1,MutsJi00
228,Mo Alie-Cox,2020,27,IND,te,15,6,39,31,79.5%,394,12.7,2,45,10.1,2.1,26.3,1,AlieMo00
229,Raymond Chester,1977,29,BAL,TE,14,14,,31,0.0%,556,17.9,3,78,,2.2,39.7,1,ChesRa00
230,Ken Dilger,1998,27,IND,TE,16,16,48,31,64.6%,303,9.8,1,27,6.3,1.9,18.9,0,DilgKe00
231,Eric Ebron,2019,26,IND,te,11,2,52,31,59.6%,375,12.1,3,48,7.2,2.8,34.1,0,EbroEr00
232,Ben Utecht,2007,26,IND,TE,14,13,37,31,83.8%,364,11.7,1,30,9.8,2.2,26.0,2,UtecBe00
233,Roger Carr,1978,26,BAL,WR,16,16,,30,0.0%,629,21.0,6,78,,1.9,39.3,0,CarrRo00
234,Dallas Clark,2006,27,IND,TE,12,12,57,30,52.6%,367,12.2,4,40,6.4,2.5,30.6,0,ClarDa00
235,Lloyd Colteryahn,1954,23,BAL,LE,12,11,,30,0.0%,384,12.8,0,21,,2.5,32.0,0,ColtLl20
236,Eric Dickerson*,1989,29,IND,RB,15,14,,30,0.0%,211,7.0,1,22,,2.0,14.1,10,DickEr00
237,Bernard Henry,1983,23,BAL,wr,15,7,,30,0.0%,416,13.9,4,40,,2.0,27.7,0,HenrBe00
238,Don McCauley,1972,23,BAL,RB,14,10,,30,0.0%,256,8.5,2,34,,2.1,18.3,2,McCaDo00
239,Donte Moncrief,2016,23,IND,WR,9,7,56,30,53.6%,307,10.2,7,39,5.5,3.3,34.1,0,MoncDo00
240,Bill Olds,1975,24,BAL,FB,14,14,,30,0.0%,194,6.5,2,28,,2.1,13.9,1,OldsBi00
241,Marcus Pollard,2000,28,IND,TE,16,14,42,30,71.4%,439,14.6,3,50,10.5,1.9,27.4,0,PollMa00
242,Royce Womble,1954,23,BAL,LH,12,6,,30,0.0%,338,11.3,3,78,,2.5,28.2,1,WombRo00
243,George Wonsley,1985,25,IND,RB,16,9,,30,0.0%,257,8.6,0,26,,1.9,16.1,4,WonsGe00
244,Dwayne Allen,2014,24,IND,TE,13,13,50,29,58.0%,395,13.6,8,41,7.9,2.2,30.4,1,AlleDw00
245,Dallas Clark,2003,24,IND,TE,10,10,42,29,69.0%,340,11.7,1,42,8.1,2.9,34.0,0,ClarDa00
246,Jack Doyle,2021,31,IND,TE,17,14,43,29,67.4%,302,10.4,3,34,7.0,1.7,17.8,0,DoylJa00
247,Frank Gore,2017,34,IND,RB,16,16,38,29,76.3%,245,8.4,1,26,6.4,1.8,15.3,3,GoreFr00
248,Darrius Heyward-Bey,2013,26,IND,WR,16,11,64,29,45.3%,309,10.7,1,27,4.8,1.8,19.3,0,HeywDa00
249,Tom Matte,1971,32,BAL,RB,14,14,,29,0.0%,239,8.2,0,34,,2.1,17.1,4,MattTo00
250,Jimmy Orr,1968,33,BAL,LE,13,11,,29,0.0%,743,25.6,6,84,,2.2,57.2,0,OrrxJi00
251,Marcus Pollard,2004,32,IND,TE,13,13,41,29,70.7%,309,10.7,6,31,7.5,2.2,23.8,0,PollMa00
252,Pat Beach,1987,28,IND,TE,12,12,,28,0.0%,239,8.5,0,16,,2.3,19.9,0,BeacPa00
253,Trey Burton,2020,29,IND,te,13,4,47,28,59.6%,250,8.9,3,20,5.3,2.2,19.2,0,BurtTr01
254,Glenn Doughty,1977,26,BAL,WR,13,13,,28,0.0%,435,15.5,4,57,,2.2,33.5,0,DougGl00
255,Dontrelle Inman,2018,29,IND,wr,9,4,39,28,71.8%,304,10.9,3,29,7.8,3.1,33.8,0,InmaDo00
256,John Mackey,1970,29,BAL,TE,14,11,,28,0.0%,435,15.5,3,54,,2.0,31.1,1,MackJo00
257,Jim Mutscheller,1958,28,BAL,RE,12,12,,28,0.0%,504,18.0,7,54,,2.3,42.0,0,MutsJi00
258,Ray Perkins,1969,28,BAL,wr,11,4,,28,0.0%,391,14.0,3,47,,2.5,35.5,0,PerkRa00
259,Tracy Porter,1983,24,BAL,wr,16,7,,28,0.0%,384,13.7,0,38,,1.8,24.0,0,PortTr00
260,Trent Richardson,2013,23,IND,RB,14,8,41,28,68.3%,265,9.5,1,24,6.5,2.0,18.9,2,RichTr00
261,Alan Ameche*+,1955,22,BAL,FB,12,12,,27,0.0%,141,5.2,0,18,,2.3,11.8,3,AmecAl00
262,Matt Bouza,1985,26,IND,wr,12,5,,27,0.0%,381,14.1,2,40,,2.3,31.8,0,BouzMa00
263,Mark Boyer,1988,26,IND,TE,16,13,,27,0.0%,256,9.5,2,24,,1.7,16.0,0,BoyeMa00
264,Donald Brown,2013,26,IND,rb,16,5,35,27,77.1%,214,7.9,2,33,6.1,1.7,13.4,0,BrowDo00
265,Roger Carr,1979,27,BAL,WR,9,9,,27,0.0%,400,14.8,1,37,,3.0,44.4,0,CarrRo00
266,Ken Dilger,1997,26,IND,TE,14,14,36,27,75.0%,380,14.1,3,43,10.6,1.9,27.1,0,DilgKe00
267,Alex Hawkins,1967,30,BAL,le,11,5,,27,0.0%,469,17.4,4,54,,2.5,42.6,0,HawkAl00
268,Lenny Moore,1965,32,BAL,HB,12,12,,27,0.0%,414,15.3,3,52,,2.3,34.5,3,MoorLe00
269,Zach Pascal,2018,24,IND,wr,16,4,46,27,58.7%,268,9.9,2,28,5.8,1.7,16.8,0,PascZa00
270,Trent Richardson,2014,24,IND,RB,15,12,34,27,79.4%,229,8.5,0,24,6.7,1.8,15.3,2,RichTr00
271,Reggie Wayne,2001,23,IND,WR,13,9,49,27,55.1%,345,12.8,0,43,7.0,2.1,26.5,0,WaynRe00
272,Alan Ameche*,1956,23,BAL,FB,12,12,,26,0.0%,189,7.3,0,22,,2.2,15.8,3,AmecAl00
273,Aaron Bailey,1997,26,IND,wr,13,4,57,26,45.6%,329,12.7,3,22,5.8,2.0,25.3,2,BailAa00
274,Pat Beach,1988,29,IND,TE,16,16,,26,0.0%,235,9.0,0,23,,1.6,14.7,1,BeacPa00
275,Albert Bentley,1988,28,IND,rb,16,2,,26,0.0%,252,9.7,1,21,,1.6,15.8,2,BentAl00
276,Rodney Culver,1992,23,IND,rb,16,2,35,26,74.3%,210,8.1,2,27,6.0,1.6,13.1,2,CulvRo00
277,Sean Dawkins,1993,22,IND,wr,16,7,61,26,42.6%,430,16.5,1,68,7.0,1.6,26.9,0,DawkSe00
278,Jack Doyle,2018,28,IND,te,6,6,33,26,78.8%,245,9.4,2,20,7.4,4.3,40.8,1,DoylJa00
279,Coby Fleener,2012,24,IND,TE,12,10,48,26,54.2%,281,10.8,2,26,5.9,2.2,23.4,0,FleeCo00
280,Donte Moncrief,2017,24,IND,WR,12,8,47,26,55.3%,391,15.0,2,60,8.3,2.2,32.6,0,MoncDo00
281,Roosevelt Potts,1993,22,IND,RB,16,15,34,26,76.5%,189,7.3,0,24,5.6,1.6,11.8,8,PottRo00
282,Roosevelt Potts,1994,23,IND,FB,16,15,42,26,61.9%,251,9.7,1,30,6.0,1.6,15.7,5,PottRo00
283,Robert Turbin,2016,27,IND,rb,15,0,35,26,74.3%,179,6.9,1,19,5.1,1.7,11.9,0,TurbRo00
284,Joseph Addai,2008,25,IND,RB,12,12,39,25,64.1%,206,8.2,2,55,5.3,2.1,17.2,1,AddaJo00
285,Pat Beach,1986,27,IND,TE,16,16,,25,0.0%,265,10.6,1,26,,1.6,16.6,2,BeacPa00
286,Albert Bentley,1986,26,IND,rb,12,3,,25,0.0%,230,9.2,0,38,,2.1,19.2,2,BentAl00
287,Matt Bouza,1983,24,BAL,WR,11,11,,25,0.0%,385,15.4,0,26,,2.3,35.0,1,BouzMa00
288,Matt Bouza,1988,29,IND,wr,15,5,,25,0.0%,342,13.7,4,28,,1.7,22.8,0,BouzMa00
289,Mark Boyer,1985,23,IND,wr,16,7,,25,0.0%,274,11.0,0,33,,1.6,17.1,0,BoyeMa00
290,Norm Bulaich*,1971,25,BAL,FB,13,12,,25,0.0%,229,9.2,2,30,,1.9,17.6,4,BulaNo00
291,Wayne Capers,1985,24,IND,WR,14,10,,25,0.0%,438,17.5,4,80,,1.8,31.3,1,CapeWa00
292,Dallas Clark,2004,25,IND,TE,15,13,39,25,64.1%,423,16.9,5,80,10.8,1.7,28.2,2,ClarDa00
293,Curtis Dickey,1980,24,BAL,rb,15,5,,25,0.0%,204,8.2,2,32,,1.7,13.6,3,DickCu00
294,Glenn Doughty,1973,22,BAL,WR,14,14,,25,0.0%,587,23.5,4,66,,1.8,41.9,0,DougGl00
295,Glenn Doughty,1978,27,BAL,WR,15,15,,25,0.0%,390,15.6,3,46,,1.7,26.0,1,DougGl00
296,Don Hardeman,1979,26,BAL,FB,13,11,,25,0.0%,115,4.6,1,14,,1.9,8.8,4,HardDo00
297,Alex Hawkins,1960,23,BAL,LHB,12,12,,25,0.0%,280,11.2,3,49,,2.1,23.3,4,HawkAl00
298,Eddie Hinton,1971,24,BAL,WR,14,11,,25,0.0%,436,17.4,2,33,,1.8,31.1,0,HintEd00
299,Dee Mackey,1962,28,BAL,TE,14,14,,25,0.0%,396,15.8,4,57,,1.8,28.3,1,MackDe00
300,Tom Matte*,1968,29,BAL,RB,14,14,,25,0.0%,275,11.0,1,50,,1.8,19.6,2,MattTo00
301,Don McCauley,1973,24,BAL,FB,13,12,,25,0.0%,186,7.4,0,34,,1.9,14.3,3,McCaDo00
302,Tom Mitchell,1973,29,BAL,te/wr,13,8,,25,0.0%,313,12.5,4,33,,1.9,24.1,0,MitcTo00
303,Don Nottingham,1972,23,BAL,FB,14,11,,25,0.0%,191,7.6,0,27,,1.8,13.6,6,NottDo00
304,Jimmy Orr,1969,34,BAL,WR,7,7,,25,0.0%,474,19.0,2,47,,3.6,67.7,0,OrrxJi00
305,R.C. Owens,1962,28,BAL,se,14,2,,25,0.0%,307,12.3,2,26,,1.8,21.9,1,OwenR.00
306,Tim Sherwin,1983,25,BAL,TE,15,14,,25,0.0%,358,14.3,0,30,,1.7,23.9,0,SherTi00
307,Brian Stablein,1997,27,IND,wr,16,0,31,25,80.6%,253,10.1,1,30,8.2,1.6,15.8,0,StabBr00
308,Mo Alie-Cox,2021,28,IND,te,17,7,45,24,53.3%,316,13.2,4,37,7.0,1.4,18.6,1,AlieMo00
309,Raymond Chester,1976,28,BAL,TE,14,14,,24,0.0%,467,19.5,3,48,,1.7,33.4,0,ChesRa00
310,Curtis Dickey,1983,27,BAL,RB,16,16,,24,0.0%,483,20.1,3,72,,1.5,30.2,9,DickCu00
311,Glenn Doughty,1974,23,BAL,WR,13,12,,24,0.0%,300,12.5,2,27,,1.8,23.1,0,DougGl00
312,Edgerrin James,2001,23,IND,rb,6,6,29,24,82.8%,193,8.0,0,27,6.7,4.0,32.2,3,JameEd00
313,Randy McMillan,1983,25,BAL,FB,16,16,,24,0.0%,195,8.1,1,27,,1.5,12.2,5,McMiRa00
314,Jerome Pathon,2001,26,IND,wr,4,3,32,24,75.0%,330,13.8,2,60,10.3,6.0,82.5,0,PathJe00
315,Ray Perkins,1971,30,BAL,WR,14,14,,24,0.0%,424,17.7,4,64,,1.7,30.3,0,PerkRa00
316,Marcus Pollard,1998,26,IND,TE,16,11,40,24,60.0%,309,12.9,4,44,7.7,1.5,19.3,0,PollMa00
317,Griff Whalen,2013,23,IND,wr,9,3,40,24,60.0%,259,10.8,2,25,6.5,2.7,28.8,0,WhalGr00
318,Roger Carr,1975,23,BAL,WR,14,14,,23,0.0%,517,22.5,2,90,,1.6,36.9,0,CarrRo00
319,Jack Doyle,2020,30,IND,TE,14,12,33,23,69.7%,251,10.9,3,28,7.6,1.6,17.9,1,DoylJa00
320,Mel Embree,1953,26,BAL,LE,12,8,,23,0.0%,272,11.8,1,24,,1.9,22.7,0,EmbrMe20
321,T.Y. Hilton,2021,32,IND,WR,10,9,37,23,62.2%,331,14.4,3,52,8.9,2.3,33.1,0,HiltT.00
322,Tom Matte,1966,27,BAL,hb,14,4,,23,0.0%,307,13.3,3,35,,1.6,21.9,2,MattTo00
323,Stanley Morgan,1990,35,IND,wr,16,6,,23,0.0%,364,15.8,5,42,,1.4,22.8,1,MorgSt00
324,Chester Rogers,2017,23,IND,wr,11,4,37,23,62.2%,284,12.3,1,61,7.7,2.1,25.8,0,RogeCh02
325,Matt Bouza,1982,23,BAL,WR,9,9,,22,0.0%,287,13.0,2,34,,2.4,31.9,1,BouzMa00
326,Matt Bouza,1984,25,IND,wr,16,4,,22,0.0%,270,12.3,0,22,,1.4,16.9,1,BouzMa00
327,Mark Boyer,1986,24,IND,RB,16,7,,22,0.0%,237,10.8,1,38,,1.4,14.8,1,BoyeMa00
328,Jerry Hill,1963,24,BAL,fb,14,4,,22,0.0%,304,13.8,1,55,,1.6,21.7,8,HillJe00
329,Tony Lorick,1967,26,BAL,FB,14,9,,22,0.0%,189,8.6,0,34,,1.6,13.5,2,LoriTo00
330,John Mackey,1964,23,BAL,TE,14,14,,22,0.0%,406,18.5,2,62,,1.6,29.0,1,MackJo00
331,Randy McMillan,1985,27,IND,FB,15,14,,22,0.0%,115,5.2,0,17,,1.5,7.7,0,McMiRa00
332,Joe Perry,1962,35,BAL,FB,12,8,,22,0.0%,194,8.8,0,32,,1.8,16.2,3,PerrJo00
333,Brandon Stokley,2003,27,IND,wr,6,3,32,22,68.8%,211,9.6,3,37,6.6,3.7,35.2,0,StokBr00
334,Lamont Warren,1996,23,IND,rb,13,3,34,22,64.7%,174,7.9,0,17,5.1,1.7,13.4,3,WarrLa00
335,Ricky Williams,2003,25,IND,rb,13,4,29,22,75.9%,157,7.1,1,17,5.4,1.7,12.1,2,WillRi01
336,Aaron Bailey,1995,24,IND,wr,15,3,36,21,58.3%,379,18.0,3,45,10.5,1.4,25.3,0,BailAa00
337,Roger Carr,1974,22,BAL,WR,11,8,,21,0.0%,405,19.3,0,57,,1.9,36.8,0,CarrRo00
338,Lloyd Colteryahn,1955,24,BAL,le,12,5,,21,0.0%,251,12.0,3,22,,1.8,20.9,0,ColtLl20
339,Curtis Dickey,1982,26,BAL,RB,8,6,,21,0.0%,228,10.9,0,34,,2.6,28.5,3,DickCu00
340,E.G. Green,1999,24,IND,wr,11,4,44,21,47.7%,287,13.7,0,50,6.5,1.9,26.1,0,GreeE.00
341,Dan Herron,2014,25,IND,rb,16,3,26,21,80.8%,173,8.2,0,26,6.7,1.3,10.8,2,HerrDa00
342,Marlon Mack,2017,21,IND,rb,14,0,33,21,63.6%,225,10.7,1,34,6.8,1.5,16.1,1,MackMa00
343,Reese McCall,1981,25,BAL,TE,16,14,,21,0.0%,314,15.0,2,65,,1.3,19.6,0,McCaRe00
344,Lenny Moore,1963,30,BAL,le,7,6,,21,0.0%,288,13.7,2,34,,3.0,41.1,2,MoorLe00
345,Lenny Moore*+,1964,31,BAL,HB,14,12,,21,0.0%,472,22.5,3,74,,1.5,33.7,8,MoorLe00
346,Lenny Moore,1966,33,BAL,HB,13,8,,21,0.0%,260,12.4,0,36,,1.6,20.0,2,MoorLe00
347,Bill Olds,1974,23,BAL,FB,13,13,,21,0.0%,153,7.3,2,18,,1.6,11.8,3,OldsBi00
348,Roosevelt Potts,1995,24,IND,FB,15,15,33,21,63.6%,228,10.9,1,52,6.9,1.4,15.2,0,PottRo00
349,Tim Sherwin,1982,24,BAL,TE,9,8,,21,0.0%,280,13.3,0,33,,2.3,31.1,0,SherTi00
350,Clarence Verdin,1991,28,IND,wr,16,0,,21,0.0%,214,10.2,0,28,,1.3,13.4,2,VerdCl00
351,Donald Brown,2010,23,IND,RB,13,8,28,20,71.4%,205,10.3,0,25,7.3,1.5,15.8,0,BrowDo00
352,Zachary Dixon,1982,26,BAL,rb,9,3,,20,0.0%,185,9.3,0,24,,2.2,20.6,2,DixoZa00
353,Josh Ferguson,2016,23,IND,rb,16,0,26,20,76.9%,136,6.8,0,14,5.2,1.3,8.5,1,FergJo02
354,Marvin Harrison,2007,35,IND,wr,5,5,32,20,62.5%,247,12.4,1,42,7.7,4.0,49.4,0,HarrMa00
355,Alex Hawkins,1961,24,BAL,LHB,11,11,,20,0.0%,158,7.9,1,22,,1.8,14.4,3,HawkAl00
356,Jerry Hill,1965,26,BAL,FB,14,14,,20,0.0%,112,5.6,0,20,,1.4,8.0,4,HillJe00
357,Tom Mitchell,1970,26,BAL,te,14,3,,20,0.0%,261,13.1,4,44,,1.4,18.6,0,MitcTo00
358,Walter Murray,1987,25,IND,wr,14,3,,20,0.0%,339,17.0,3,43,,1.4,24.2,0,MurrWa00
359,Jim Mutscheller,1961,31,BAL,RE,12,12,,20,0.0%,370,18.5,2,45,,1.7,30.8,0,MutsJi00
360,George Taliaferro*,1953,26,BAL,LH/qb,11,11,,20,0.0%,346,17.3,2,54,,1.8,31.5,10,TaliGe00
361,Clarence Verdin,1988,25,IND,WR,16,11,,20,0.0%,437,21.9,4,54,,1.3,27.3,0,VerdCl00
362,Clarence Verdin,1989,26,IND,wr,16,7,,20,0.0%,381,19.1,1,82,,1.3,23.8,1,VerdCl00
363,Lamont Warren,1997,24,IND,rb,13,0,26,20,76.9%,192,9.6,0,31,7.4,1.5,14.8,0,WarrLa00
364,Joseph Addai,2010,27,IND,rb,8,7,26,19,73.1%,124,6.5,0,15,4.8,2.4,15.5,2,AddaJo00
365,Ray Butler,1985,29,IND,WR,11,9,,19,0.0%,345,18.2,2,72,,1.7,31.4,0,ButlRa00
366,Jerry Hill,1967,28,BAL,fb,14,5,,19,0.0%,156,8.2,0,33,,1.4,11.1,1,HillJe00
367,Randy McMillan,1984,26,IND,FB,16,16,,19,0.0%,201,10.6,0,44,,1.2,12.6,1,McMiRa00
368,Gijon Robinson,2008,24,IND,TE,15,14,24,19,79.2%,166,8.7,0,23,6.9,1.3,11.1,0,RobiGi21
369,Chester Rogers,2016,22,IND,wr,14,2,34,19,55.9%,273,14.4,0,36,8.0,1.4,19.5,2,RogeCh02
370,Jacob Tamme,2011,26,IND,te,16,5,31,19,61.3%,177,9.3,1,29,5.7,1.2,11.1,0,TammJa00
371,Griff Whalen,2015,25,IND,wr,14,0,26,19,73.1%,205,10.8,1,38,7.9,1.4,14.6,4,WhalGr00
372,Buddy Young,1955,29,BAL,RH,11,10,,19,0.0%,426,22.4,1,82,,1.7,38.7,1,YounBu00
373,Mack Alston,1978,31,BAL,TE,16,13,,18,0.0%,210,11.7,2,23,,1.1,13.1,0,AlstMa00
374,Aaron Bailey,1996,25,IND,wr,14,2,36,18,50.0%,302,16.8,0,40,8.4,1.3,21.6,3,BailAa00
375,Parris Campbell,2019,22,IND,wr,7,3,24,18,75.0%,127,7.1,1,27,5.3,2.6,18.1,3,CampPa00
376,Raymond Chester,1973,25,BAL,TE,13,10,,18,0.0%,181,10.1,1,40,,1.4,13.9,1,ChesRa00
377,Eric Dickerson,1990,30,IND,RB,11,8,,18,0.0%,92,5.1,0,17,,1.6,8.4,0,DickEr00
378,Phillip Dorsett,2015,22,IND,wr,11,0,39,18,46.2%,225,12.5,1,35,5.8,1.6,20.5,2,DorsPh00
379,Jack Doyle,2014,24,IND,te,16,1,22,18,81.8%,118,6.6,2,20,5.4,1.1,7.4,0,DoylJa00
380,Bryan Fletcher,2005,26,IND,TE,16,12,27,18,66.7%,202,11.2,3,23,7.5,1.1,12.6,0,FletBr00
381,Bryan Fletcher,2006,27,IND,te,15,3,25,18,72.0%,202,11.2,2,26,8.1,1.2,13.5,0,FletBr00
382,Bryan Fletcher,2007,28,IND,te,15,3,27,18,66.7%,143,7.9,0,21,5.3,1.2,9.5,0,FletBr00
383,E.G. Green,2000,25,IND,wr,7,0,26,18,69.2%,201,11.2,1,34,7.7,2.6,28.7,0,GreeE.00
384,Stanley Havili,2013,26,IND,RB,13,8,21,18,85.7%,128,7.1,1,20,6.1,1.4,9.8,0,HaviSt00
385,Jerry Hill,1968,29,BAL,RB,9,9,,18,0.0%,161,8.9,1,19,,2.0,17.9,1,HillJe00
386,Reese McCall,1980,24,BAL,TE,16,15,,18,0.0%,322,17.9,5,47,,1.1,20.1,1,McCaRe00
387,Lydell Mitchell,1972,23,BAL,rb,11,1,,18,0.0%,147,8.2,1,26,,1.6,13.4,3,MitcLy00
388,Lenny Moore*,1962,29,BAL,HB,10,7,,18,0.0%,215,11.9,2,80,,1.8,21.5,1,MoorLe00
389,Jim Mutscheller,1960,30,BAL,RE,11,9,,18,0.0%,271,15.1,2,43,,1.6,24.6,0,MutsJi00
390,Jimmy Orr,1961,26,BAL,le,13,5,,18,0.0%,357,19.8,4,64,,1.4,27.5,0,OrrxJi00
391,Freddie Scott,1974,22,BAL,wr,14,2,,18,0.0%,317,17.6,0,45,,1.3,22.6,0,ScotFr01
392,Freddie Scott,1977,25,BAL,WR,14,14,,18,0.0%,267,14.8,2,33,,1.3,19.1,0,ScotFr01
393,Brian Stablein,1996,26,IND,wr,16,0,35,18,51.4%,192,10.7,1,30,5.5,1.1,12.0,0,StabBr00
394,Troy Walters,2002,26,IND,wr,16,1,25,18,72.0%,207,11.5,0,27,8.3,1.1,12.9,7,WaltTr00
395,Vick Ballard,2012,22,IND,RB,16,12,27,17,63.0%,152,8.9,1,19,5.6,1.1,9.5,3,BallVi00
396,Ray Butler,1982,26,BAL,WR,9,9,,17,0.0%,268,15.8,2,53,,1.9,29.8,0,ButlRa00
397,Zachary Dixon,1981,25,BAL,rb,16,1,,17,0.0%,169,9.9,1,41,,1.1,10.6,1,DixoZa00
398,Marcus Johnson,2019,25,IND,WR,8,6,33,17,51.5%,277,16.3,2,50,8.4,2.1,34.6,0,JohnMa07
399,Marlon Mack,2018,22,IND,RB,12,10,26,17,65.4%,103,6.1,1,29,4.0,1.4,8.6,2,MackMa00
400,Don McCauley,1974,25,BAL,rb,13,0,,17,0.0%,112,6.6,1,14,,1.3,8.6,0,McCaDo00
401,Lydell Mitchell,1973,24,BAL,RB,14,11,,17,0.0%,113,6.6,0,14,,1.2,8.1,2,MitcLy00
402,Willie Richardson,1963,24,BAL,fl,13,3,,17,0.0%,204,12.0,0,22,,1.3,15.7,1,RichWi00
403,Cotton Speyrer,1973,24,BAL,WR,14,10,,17,0.0%,311,18.3,4,47,,1.2,22.2,0,SpeyCo00
404,Lamont Warren,1995,22,IND,rb,12,1,24,17,70.8%,159,9.4,0,18,6.6,1.4,13.3,1,WarrLa00
405,Dwayne Allen,2015,25,IND,TE,13,12,29,16,55.2%,109,6.8,1,21,3.8,1.2,8.4,0,AlleDw00
406,Donald Brown,2011,24,IND,rb,16,2,19,16,84.2%,86,5.4,0,17,4.5,1.0,5.4,0,BrowDo00
407,Kerry Cash,1994,25,IND,TE,16,16,30,16,53.3%,190,11.9,1,24,6.3,1.0,11.9,1,CashKe01
408,L.G. Dupre,1956,24,BAL,LH,11,6,,16,0.0%,216,13.5,2,49,,1.5,19.6,4,DuprL.00
409,Owen Gill,1986,24,IND,rb,16,1,,16,0.0%,137,8.6,0,15,,1.0,8.6,4,GillOw20
410,J.W. Lockett,1963,26,BAL,FB,12,10,,16,0.0%,158,9.9,1,27,,1.3,13.2,2,LockJ.00
411,Tom Nowatzke,1970,28,BAL,fb,11,4,,16,0.0%,93,5.8,0,17,,1.5,8.5,3,NowaTo00
412,Ray Perkins,1967,26,BAL,le,8,4,,16,0.0%,302,18.9,2,57,,2.0,37.8,0,PerkRa00
413,Chester Rogers,2019,25,IND,wr,12,6,28,16,57.1%,179,11.2,2,27,6.4,1.3,14.9,2,RogeCh02
414,Carl Taseff,1954,26,BAL,LDH,12,11,,16,0.0%,159,9.9,1,30,,1.3,13.3,0,TaseCa20
415,Jordan Wilkins,2018,24,IND,rb,16,3,17,16,94.1%,85,5.3,0,17,5.0,1.0,5.3,2,WilkJo01
416,George Wonsley,1986,26,IND,rb,16,6,,16,0.0%,175,10.9,0,60,,1.0,10.9,1,WonsGe00
417,Joseph Addai,2011,28,IND,RB,12,11,22,15,68.2%,93,6.2,0,12,4.2,1.3,7.8,1,AddaJo00
418,Kamar Aiken,2017,28,IND,wr,15,7,44,15,34.1%,133,8.9,0,21,3.0,1.0,8.9,0,AikeKa00
419,Alan Ameche*,1957,24,BAL,FB,12,12,,15,0.0%,137,9.1,2,40,,1.3,11.4,3,AmecAl00
420,Charles Arbuckle,1993,25,IND,te,16,2,23,15,65.2%,90,6.0,0,23,3.9,0.9,5.6,1,ArbuCh00
421,Dick Bielski,1962,30,BAL,te,14,0,,15,0.0%,200,13.3,2,22,,1.1,14.3,0,BielDi00
422,Zack Crockett,1997,25,IND,FB,16,11,24,15,62.5%,112,7.5,0,19,4.7,0.9,7.0,3,CrocZa00
423,E.G. Green,1998,23,IND,wr,11,0,31,15,48.4%,177,11.8,1,25,5.7,1.4,16.1,0,GreeE.00
424,Tony Lorick,1965,24,BAL,rb,14,0,,15,0.0%,184,12.3,2,49,,1.1,13.1,3,LoriTo00
425,Randy McMillan,1982,24,BAL,FB,9,9,,15,0.0%,90,6.0,0,17,,1.7,10.0,1,McMiRa00
426,Frank Middleton,1984,24,IND,rb,16,5,,15,0.0%,112,7.5,1,16,,0.9,7.0,2,MiddFr00
427,Don Nottingham,1971,22,BAL,rb,14,2,,15,0.0%,88,5.9,0,35,,1.1,6.3,2,NottDo00
428,Ray Perkins,1968,27,BAL,wr,14,3,,15,0.0%,227,15.1,1,36,,1.1,16.2,0,PerkRa00
429,Mike Siani,1979,29,BAL,wr,10,5,,15,0.0%,214,14.3,2,31,,1.5,21.4,0,SianMi00
430,Erik Swoope,2016,24,IND,te,16,4,22,15,68.2%,297,19.8,1,45,13.5,0.9,18.6,0,SwooEr00
431,Buddy Young*,1954,28,BAL,RH,10,8,,15,0.0%,272,18.1,3,78,,1.5,27.2,1,YounBu00
432,Pat Beach,1989,30,IND,TE,16,13,,14,0.0%,87,6.2,2,17,,0.9,5.4,1,BeacPa00
433,Randy Burke,1980,25,BAL,wr,10,0,,14,0.0%,185,13.2,3,19,,1.4,18.5,0,BurkRa00
434,Curtis Dickey,1984,28,IND,RB,10,9,,14,0.0%,135,9.6,0,33,,1.4,13.5,6,DickCu00
435,Cleveland Franklin,1980,25,BAL,FB,13,13,,14,0.0%,112,8.0,0,16,,1.1,8.6,2,FranCl00
436,Sam Havrilak,1970,23,BAL,rb,13,1,,14,0.0%,141,10.1,0,33,,1.1,10.8,0,HavrSa00
437,Jerry Hill,1964,25,BAL,FB,13,7,,14,0.0%,113,8.1,1,27,,1.1,8.7,3,HillJe00
438,Trevor Insley,2001,24,IND,wr,11,0,21,14,66.7%,165,11.8,1,26,7.9,1.3,15.0,0,InslTr00
439,Marcus Johnson,2020,26,IND,wr,11,3,28,14,50.0%,255,18.2,0,55,9.1,1.3,23.2,0,JohnMa07
440,Roosevelt Leaks,1979,26,BAL,fb,7,5,,14,0.0%,119,8.5,0,15,,2.0,17.0,2,LeakRo00
441,Marlon Mack,2019,23,IND,RB,14,12,17,14,82.4%,82,5.9,0,14,4.8,1.0,5.9,0,MackMa00
442,Tom Matte,1972,33,BAL,rb,6,4,,14,0.0%,182,13.0,1,43,,2.3,30.3,2,MattTo00
443,Don McCauley,1975,26,BAL,rb,14,0,,14,0.0%,93,6.6,1,32,,1.0,6.6,1,McCaDo00
444,Jerome Pathon,1999,24,IND,wr,10,2,23,14,60.9%,163,11.6,0,38,7.1,1.4,16.3,0,PathJe00
445,Willie Richardson,1966,27,BAL,fl,13,1,,14,0.0%,246,17.6,2,69,,1.1,18.9,0,RichWi00
446,Da'Rick Rogers,2013,22,IND,wr,5,3,23,14,60.9%,192,13.7,2,69,8.3,2.8,38.4,0,RogeDa01
447,George Taliaferro,1954,27,BAL,lh,11,9,,14,0.0%,122,8.7,1,29,,1.3,11.1,1,TaliGe00
448,Clarence Verdin*,1990,27,IND,wr,15,5,,14,0.0%,178,12.7,1,45,,0.9,11.9,1,VerdCl00
449,Troy Walters,2005,29,IND,wr,16,1,19,14,73.7%,152,10.9,3,39,8.0,0.9,9.5,0,WaltTr00
450,Dave Young,1984,25,IND,TE,13,9,,14,0.0%,164,11.7,2,28,,1.1,12.6,0,YounDa00
451,Alan Ameche*,1958,25,BAL,FB,12,12,,13,0.0%,81,6.2,1,18,,1.1,6.8,1,AmecAl00
452,Alan Ameche,1959,26,BAL,FB,12,11,,13,0.0%,129,9.9,1,30,,1.1,10.8,3,AmecAl00
453,Charles Arbuckle,1992,24,IND,te,16,3,18,13,72.2%,152,11.7,1,23,8.4,0.8,9.5,0,ArbuCh00
454,Raymond Berry,1955,22,BAL,LE,12,7,,13,0.0%,205,15.8,0,45,,1.1,17.1,0,BerrRa00
455,Terry Cole,1968,23,BAL,rb,14,5,,13,0.0%,75,5.8,0,18,,0.9,5.4,4,ColeTe00
456,Eric Dickerson*+,1987,27,IND,RB,9,8,,13,0.0%,133,10.2,0,28,,1.4,14.8,5,DickEr00
457,Ashton Dulin,2021,24,IND,wr,17,1,22,13,59.1%,173,13.3,2,62,7.9,0.8,10.2,0,DuliAs00
458,L.G. Dupre,1958,26,BAL,LH,10,10,,13,0.0%,111,8.5,0,22,,1.3,11.1,2,DuprL.00
459,Clif Groce,1996,24,IND,FB,15,8,32,13,40.6%,106,8.2,0,24,3.3,0.9,7.1,2,GrocCl00
460,Eddie Hinton,1969,22,BAL,wr,12,3,,13,0.0%,269,20.7,1,46,,1.1,22.4,0,HintEd00
461,Kenton Keith,2007,27,IND,rb,16,1,23,13,56.5%,77,5.9,1,14,3.3,0.8,4.8,1,KeitKe00
462,Ron Lee,1978,25,BAL,rb,15,4,,13,0.0%,109,8.4,1,24,,0.9,7.3,3,LeexRo00
463,Lenny Moore,1967,34,BAL,hb,14,0,,13,0.0%,153,11.8,0,37,,0.9,10.9,1,MoorLe00
464,James Mungro,2002,24,IND,rb,9,1,16,13,81.3%,81,6.2,0,11,5.1,1.4,9.0,3,MungJa00
465,Mark Smolinski,1962,23,BAL,rb,14,6,,13,0.0%,128,9.8,1,33,,0.9,9.1,0,SmolMa00
466,Brandon Williams,2017,30,IND,WR,14,10,17,13,76.5%,121,9.3,0,32,7.1,0.9,8.6,0,WillBr04
467,Pat Beach,1990,31,IND,TE,16,11,,12,0.0%,124,10.3,1,21,,0.8,7.8,0,BeacPa00
468,LaVon Brazill,2013,24,IND,wr,10,0,27,12,44.4%,161,13.4,2,29,6.0,1.2,16.1,1,BrazLa00
469,Jack Doyle,2015,25,IND,te,16,2,14,12,85.7%,72,6.0,1,19,5.1,0.8,4.5,0,DoylJa00
470,Tony Lorick,1966,25,BAL,FB,14,11,,12,0.0%,81,6.8,0,19,,0.9,5.8,2,LoriTo00
471,Tom Matte,1965,26,BAL,rb,14,3,,12,0.0%,131,10.9,0,15,,0.9,9.4,2,MattTo00
472,Dominic Rhodes,2005,26,IND,rb,13,1,16,12,75.0%,88,7.3,0,15,5.5,0.9,6.8,2,RhodDo00
473,Craphonso Thorpe,2007,24,IND,wr,5,0,20,12,60.0%,70,5.8,1,12,3.5,2.4,14.0,0,ThorCr00
474,Jordan Wilkins,2020,26,IND,rb,15,0,16,12,75.0%,105,8.8,0,24,6.6,0.8,7.0,0,WilkJo01
475,Buddy Young,1953,27,BAL,RH,10,9,,12,0.0%,201,16.8,3,49,,1.2,20.1,6,YounBu00
476,Albert Bentley,1985,25,IND,rb,15,1,,11,0.0%,85,7.7,0,16,,0.7,5.7,1,BentAl00
477,Raymond Berry,1967,34,BAL,LE,7,5,,11,0.0%,167,15.2,1,40,,1.6,23.9,0,BerrRa00
478,Mark Boyer,1989,27,IND,te,16,5,,11,0.0%,58,5.3,2,15,,0.7,3.6,1,BoyeMa00
479,LaVon Brazill,2012,23,IND,wr,15,0,24,11,45.8%,186,16.9,1,42,7.8,0.7,12.4,1,BrazLa00
480,Donald Brown,2009,22,IND,rb,11,1,14,11,78.6%,169,15.4,0,72,12.1,1.0,15.4,1,BrowDo00
481,Norm Bulaich,1970,24,BAL,RB,12,12,,11,0.0%,123,11.2,0,20,,0.9,10.3,6,BulaNo00
482,Roger Carr,1977,25,BAL,wr,7,0,,11,0.0%,199,18.1,1,45,,1.6,28.4,0,CarrRo00
483,Zack Crockett,1996,24,IND,fb,5,5,15,11,73.3%,96,8.7,1,32,6.4,2.2,19.2,2,CrocZa00
484,Rodney Culver,1993,24,IND,rb,16,1,15,11,73.3%,112,10.2,1,26,7.5,0.7,7.0,3,CulvRo00
485,Kylen Granson,2021,23,IND,te,17,0,15,11,73.3%,106,9.6,0,27,7.1,0.6,6.2,0,GranKy00
486,Bernard Henry,1984,24,IND,wr,14,0,,11,0.0%,139,12.6,2,19,,0.8,9.9,0,HenrBe00
487,Jerry Hill,1969,30,BAL,rb,14,6,,11,0.0%,44,4.0,0,12,,0.8,3.1,3,HillJe00
488,Eddie Hinton,1972,25,BAL,wr,8,2,,11,0.0%,146,13.3,1,63,,1.4,18.3,1,HintEd00
489,Tony Lorick,1964,23,BAL,fb,14,7,,11,0.0%,164,14.9,0,59,,0.8,11.7,5,LoriTo00
490,John Mackey,1971,30,BAL,te,14,5,,11,0.0%,143,13.0,0,28,,0.8,10.2,1,MackJo00
491,Reese McCall,1978,22,BAL,te,16,3,,11,0.0%,160,14.5,1,34,,0.7,10.0,1,McCaRe00
492,Lenny Moore*,1956,23,BAL,RH,12,12,,11,0.0%,102,9.3,1,27,,0.9,8.5,5,MoorLe00
493,Jim O'Brien,1972,25,BAL,WR,14,8,,11,0.0%,263,23.9,2,44,,0.8,18.8,0,OBriJi20
494,Tim Sherwin,1984,26,IND,te,16,8,,11,0.0%,169,15.4,0,26,,0.7,10.6,0,SherTi00
495,Zollie Toth,1954,30,BAL,FB,12,11,,11,0.0%,51,4.6,0,13,,0.9,4.3,2,TothZo00
496,Billy Vessels,1956,25,BAL,lh,12,7,,11,0.0%,177,16.1,1,30,,0.9,14.8,0,VessBi20
497,Lamont Warren,1998,25,IND,rb,12,2,17,11,64.7%,44,4.0,1,12,2.6,0.9,3.7,0,WarrLa00
498,Mack Alston,1979,32,BAL,te,14,4,,10,0.0%,114,11.4,1,26,,0.7,8.1,0,AlstMa00
499,Mark Boyer,1987,25,IND,TE,7,6,,10,0.0%,73,7.3,0,15,,1.4,10.4,0,BoyeMa00
500,Ahmad Bradshaw,2015,29,IND,rb,6,0,14,10,71.4%,64,6.4,3,10,4.6,1.7,10.7,0,BradAh00
501,Monte Brethauer,1953,22,BAL,le,12,4,,10,0.0%,133,13.3,0,25,,0.8,11.1,1,BretMo20
502,Randy Burke,1981,26,BAL,wr,16,1,,10,0.0%,153,15.3,0,24,,0.6,9.6,0,BurkRa00
503,Ray Butler,1983,27,BAL,WR,11,7,,10,0.0%,207,20.7,3,60,,0.9,18.8,0,ButlRa00
504,Parris Campbell,2021,24,IND,wr,6,3,20,10,50.0%,162,16.2,1,51,8.1,1.7,27.0,0,CampPa00
505,L.G. Dupre,1955,23,BAL,LH,11,7,,10,0.0%,153,15.3,0,30,,0.9,13.9,2,DuprL.00
506,Don Hardeman,1978,25,BAL,rb,13,3,,10,0.0%,88,8.8,0,19,,0.8,6.8,1,HardDo00
507,De'Michael Harris,2020,22,IND,wr,7,0,10,10,100.0%,79,7.9,0,21,7.9,1.4,11.3,0,HarrDe09
508,Ron Lee,1977,24,BAL,rb,13,4,,10,0.0%,60,6.0,0,15,,0.8,4.6,1,LeexRo00
509,Robbie Martin,1985,27,IND,wr,16,5,,10,0.0%,128,12.8,0,22,,0.6,8.0,5,MartRo20
510,Tom Matte,1964,25,BAL,hb,14,2,,10,0.0%,169,16.9,0,30,,0.7,12.1,0,MattTo00
511,Buck McPhail,1953,24,BAL,fb,12,8,,10,0.0%,38,3.8,0,45,,0.8,3.2,1,McPhBu20
512,James Noble,1987,24,IND,wr,3,2,,10,0.0%,78,7.8,2,18,,3.3,26.0,2,NoblJa20
513,Jimmy Orr,1970,35,BAL,wr,8,1,,10,0.0%,199,19.9,2,29,,1.3,24.9,0,OrrxJi00
514,Ray Perkins,1970,29,BAL,wr,11,0,,10,0.0%,194,19.4,1,41,,0.9,17.6,0,PerkRa00
515,Marcus Pollard,1997,25,IND,te,16,6,19,10,52.6%,116,11.6,0,28,6.1,0.6,7.3,0,PollMa00
516,Willie Richardson,1971,32,BAL,wr,12,3,,10,0.0%,173,17.3,2,49,,0.8,14.4,0,RichWi00
517,Tom Santi,2008,23,IND,te,6,2,13,10,76.9%,64,6.4,1,13,4.9,1.7,10.7,0,SantTo00
518,Chuck Banks,1987,23,IND,rb,3,1,,9,0.0%,50,5.6,0,18,,3.0,16.7,1,BankCh00
519,Donald Brown,2012,25,IND,rb,10,4,13,9,69.2%,93,10.3,0,39,7.2,0.9,9.3,0,BrowDo00
520,Norm Bulaich,1972,26,BAL,rb,6,2,,9,0.0%,55,6.1,0,10,,1.5,9.2,2,BulaNo00
521,Wayne Capers,1986,25,IND,wr,6,3,,9,0.0%,118,13.1,0,27,,1.5,19.7,0,CapeWa00
522,Terry Cole,1969,24,BAL,RB,9,5,,9,0.0%,65,7.2,1,18,,1.0,7.2,2,ColeTe00
523,Brody Eldridge,2011,24,IND,TE,13,8,10,9,90.0%,45,5.0,0,8,4.5,0.7,3.5,0,EldrBr00
524,Cleveland Franklin,1982,27,BAL,rb,9,0,,9,0.0%,61,6.8,0,15,,1.0,6.8,2,FranCl00
525,Javarris James,2010,23,IND,rb,10,0,11,9,81.8%,63,7.0,0,11,5.7,0.9,6.3,1,JameJa00
526,Roosevelt Leaks,1978,25,BAL,FB,12,12,,9,0.0%,111,12.3,2,27,,0.8,9.3,3,LeakRo00
527,Jack Maitland,1970,22,BAL,rb,14,2,,9,0.0%,67,7.4,1,13,,0.6,4.8,3,MaitJa00
528,Tom Mitchell,1969,25,BAL,te,8,0,,9,0.0%,199,22.1,3,51,,1.1,24.9,0,MitcTo00
529,Alvin Moore,1984,25,IND,rb,13,2,,9,0.0%,52,5.8,0,12,,0.7,4.0,3,MoorAl00
530,Gijon Robinson,2009,25,IND,TE,13,10,15,9,60.0%,62,6.9,0,19,4.1,0.7,4.8,0,RobiGi21
531,Tim Sherwin,1987,29,IND,te,8,5,,9,0.0%,86,9.6,1,32,,1.1,10.8,0,SherTi00
532,Mike Siani,1980,30,BAL,wr,10,1,,9,0.0%,174,19.3,1,38,,0.9,17.4,0,SianMi00
533,Marvin Sims,1980,23,BAL,fb,16,3,,9,0.0%,64,7.1,0,13,,0.6,4.0,0,SimsMa00
534,Mark Smolinski,1961,22,BAL,fb,14,1,,9,0.0%,100,11.1,1,25,,0.6,7.1,3,SmolMa00
535,Cotton Speyrer,1974,25,BAL,wr,13,6,,9,0.0%,110,12.2,1,27,,0.7,8.5,2,SpeyCo00
536,Robert Turbin,2017,28,IND,rb,6,1,11,9,81.8%,56,6.2,0,16,5.1,1.5,9.3,0,TurbRo00
537,Oliver Williams,1985,25,IND,wr,8,1,,9,0.0%,175,19.4,1,30,,1.1,21.9,2,WillOl20
538,Royce Womble,1956,25,BAL,hb,12,1,,9,0.0%,180,20.0,2,43,,0.8,15.0,0,WombRo00
539,George Wonsley,1984,24,IND,rb,14,0,,9,0.0%,47,5.2,0,17,,0.6,3.4,0,WonsGe00
540,Mo Alie-Cox,2019,26,IND,te,16,2,11,8,72.7%,93,11.6,0,21,8.5,0.5,5.8,0,AlieMo00
541,Flipper Anderson,1995,30,IND,wr,2,2,13,8,61.5%,111,13.9,2,28,8.5,4.0,55.5,0,AndeFl00
542,Joe Davenport,2002,26,IND,te,10,7,15,8,53.3%,70,8.8,0,22,4.7,0.8,7.0,0,DaveJo00
543,Art DeCarlo,1960,29,BAL,e,9,3,,8,0.0%,116,14.5,0,22,,0.9,12.9,0,DeCaAr00
544,Jerry Hill,1970,31,BAL,FB,12,6,,8,0.0%,62,7.8,0,13,,0.7,5.2,0,HillJe00
545,Mark Jackson,1994,31,IND,wr,12,0,16,8,50.0%,97,12.1,1,22,6.1,0.7,8.1,0,JackMa00
546,Roosevelt Leaks,1976,23,BAL,FB,13,13,,8,0.0%,43,5.4,0,10,,0.6,3.3,3,LeakRo00
547,Tom Matte,1962,23,BAL,hb,14,5,,8,0.0%,81,10.1,1,22,,0.6,5.8,2,MattTo00
548,Aaron Moorehead,2006,26,IND,wr,12,0,16,8,50.0%,82,10.3,1,36,5.1,0.7,6.8,0,MoorAa00
549,Aaron Moorehead,2007,27,IND,wr,8,2,22,8,36.4%,65,8.1,0,16,3.0,1.0,8.1,0,MoorAa00
550,Bob Mrosko,1991,26,IND,te,11,4,,8,0.0%,90,11.3,0,20,,0.7,8.2,0,MrosBo00
551,Billy Pricer,1960,26,BAL,fb,12,5,,8,0.0%,77,9.6,1,21,,0.7,6.4,2,PricBi00
552,Jerry Richardson,1960,24,BAL,fl,11,0,,8,0.0%,90,11.3,1,23,,0.7,8.2,1,RichJe00
553,Tom Santi,2009,24,IND,te,3,2,11,8,72.7%,107,13.4,0,31,9.7,2.7,35.7,1,SantTo00
554,Cotton Speyrer,1972,23,BAL,wr,5,4,,8,0.0%,114,14.3,0,21,,1.6,22.8,0,SpeyCo00
555,Brian Stablein,1995,25,IND,wr,15,0,21,8,38.1%,95,11.9,0,16,4.5,0.5,6.3,0,StabBr00
556,Brandon Stokley,2006,30,IND,wr,4,1,11,8,72.7%,85,10.6,1,23,7.7,2.0,21.3,0,StokBr00
557,Erik Swoope,2018,26,IND,te,7,2,10,8,80.0%,87,10.9,3,26,8.7,1.1,12.4,0,SwooEr00
558,Mo Alie-Cox,2018,25,IND,te,9,1,13,7,53.8%,133,19.0,2,34,10.2,0.8,14.8,0,AlieMo00
559,Alan Ameche,1960,27,BAL,FB,10,7,,7,0.0%,56,8.0,0,19,,0.7,5.6,0,AmecAl00
560,Devin Aromashodu,2007,23,IND,wr,6,1,17,7,41.2%,96,13.7,0,28,5.6,1.2,16.0,0,AromDe00
561,Albert Bentley,1991,31,IND,rb,1,0,,7,0.0%,42,6.0,0,11,,7.0,42.0,0,BentAl00
562,Ahmad Bradshaw,2013,27,IND,rb,3,2,8,7,87.5%,42,6.0,0,14,5.3,2.3,14.0,0,BradAh00
563,Bernard Henry,1982,22,BAL,wr,6,0,,7,0.0%,110,15.7,0,23,,1.2,18.3,0,HenrBe00
564,Greg LaFleur,1986,28,IND,te,9,0,,7,0.0%,56,8.0,0,11,,0.8,6.2,0,LaFlGr00
565,Aaron Moorehead,2003,23,IND,wr,7,0,10,7,70.0%,101,14.4,0,35,10.1,1.0,14.4,1,MoorAa00
566,Aaron Moorehead,2005,25,IND,wr,2,0,11,7,63.6%,75,10.7,0,24,6.8,3.5,37.5,0,MoorAa00
567,James Mungro,2004,26,IND,rb,15,0,8,7,87.5%,36,5.1,3,16,4.5,0.5,2.4,0,MungJa00
568,Jerry Richardson,1959,23,BAL,fl,11,0,,7,0.0%,81,11.6,3,15,,0.6,7.4,1,RichJe00
569,Mike Sommer,1959,25,BAL,LH,8,7,,7,0.0%,111,15.9,0,56,,0.9,13.9,1,SommMi00
570,Jordan Wilkins,2019,25,IND,rb,14,1,11,7,63.6%,43,6.1,0,11,3.9,0.5,3.1,0,WilkJo01
571,Butch Wilson,1964,23,BAL,te,11,0,,7,0.0%,86,12.3,1,20,,0.6,7.8,0,WilsBu00
572,Royce Womble,1957,26,BAL,e,10,1,,7,0.0%,69,9.9,0,37,,0.7,6.9,0,WombRo00
573,Jack Bighead,1954,24,BAL,e,11,1,,6,0.0%,89,14.8,0,25,,0.5,8.1,0,BighJa00
574,Randy Burke,1979,24,BAL,wr,16,2,,6,0.0%,151,25.2,0,59,,0.4,9.4,0,BurkRa00
575,Parris Campbell,2020,23,IND,wr,2,2,9,6,66.7%,71,11.8,0,21,7.9,3.0,35.5,0,CampPa00
576,L.G. Dupre,1959,27,BAL,lh,4,4,,6,0.0%,47,7.8,1,18,,1.5,11.8,0,DuprL.00
577,Jim Finn,2002,26,IND,fb,12,2,9,6,66.7%,31,5.2,0,12,3.4,0.5,2.6,2,FinnJi00
578,Cleveland Franklin,1981,26,BAL,rb,9,0,,6,0.0%,39,6.5,0,10,,0.7,4.3,2,FranCl00
579,Mike Hart,2010,24,IND,rb,7,1,6,6,100.0%,25,4.2,0,10,4.2,0.9,3.6,0,HartMi00
580,Dan Herron,2015,26,IND,rb,6,0,7,6,85.7%,27,4.5,0,7,3.9,1.0,4.5,0,HerrDa00
581,John Huzvar,1953,24,BAL,FB,12,8,,6,0.0%,55,9.2,1,30,,0.5,4.6,5,HuzvJo20
582,Brandon James,2010,23,IND,wr,3,0,11,6,54.5%,40,6.7,0,17,3.6,2.0,13.3,0,JameBr00
583,Marcus Johnson,2018,24,IND,wr,5,0,8,6,75.0%,102,17.0,1,34,12.8,1.2,20.4,0,JohnMa07
584,Tom Mitchell,1968,24,BAL,te,14,0,,6,0.0%,117,19.5,4,41,,0.4,8.4,0,MitcTo00
585,Alvin Moore,1983,24,BAL,rb,15,0,,6,0.0%,38,6.3,0,16,,0.4,2.5,0,MoorAl00
586,Mewelde Moore,2012,30,IND,rb,9,0,8,6,75.0%,77,12.8,1,32,9.6,0.7,8.6,1,MoorMe00
587,Victor Oatis,1983,24,BAL,wr,9,0,,6,0.0%,93,15.5,0,25,,0.7,10.3,0,OatiVi20
588,Marcus Pollard,1996,24,IND,te,16,4,12,6,50.0%,86,14.3,1,48,7.2,0.4,5.4,0,PollMa00
589,Dominic Rhodes,2003,24,IND,rb,11,0,7,6,85.7%,62,10.3,1,27,8.9,0.5,5.6,0,RhodDo00
590,Josh Robinson,2015,23,IND,rb,5,0,6,6,100.0%,33,5.5,0,9,5.5,1.2,6.6,1,RobiJo02
591,Mike Siani,1978,28,BAL,wr,7,0,,6,0.0%,151,25.2,1,49,,0.9,21.6,0,SianMi00
592,Zurlon Tipton,2014,24,IND,rb,6,0,6,6,100.0%,68,11.3,1,32,11.3,1.0,11.3,0,TiptZu01
593,Clarence Weathers,1989,27,IND,wr,4,0,,6,0.0%,62,10.3,0,19,,1.5,15.5,1,WeatCl00
594,Pat Beach,1983,24,BAL,te,16,2,,5,0.0%,56,11.2,1,16,,0.3,3.5,0,BeacPa00
595,Pat Beach,1991,32,IND,TE,12,10,,5,0.0%,56,11.2,0,26,,0.4,4.7,0,BeacPa00
596,Mark Bellini,1987,23,IND,wr,10,1,,5,0.0%,69,13.8,0,19,,0.5,6.9,0,BellMa00
597,Mark Bellini,1988,24,IND,wr,15,0,,5,0.0%,64,12.8,0,25,,0.3,4.3,0,BellMa00
598,John Brandes,1987,23,IND,te,12,2,,5,0.0%,35,7.0,0,13,,0.4,2.9,0,BranJo20
599,Delone Carter,2011,24,IND,rb,16,3,8,5,62.5%,18,3.6,0,7,2.3,0.3,1.1,3,CartDe01
600,Ken Clark,1990,24,IND,rb,5,3,,5,0.0%,23,4.6,0,11,,1.0,4.6,0,ClarKe00
601,Ken Clark,1992,26,IND,rb,13,2,8,5,62.5%,46,9.2,0,17,5.8,0.4,3.5,0,ClarKe00
602,Jack Doyle,2013,23,IND,te,15,4,7,5,71.4%,19,3.8,0,8,2.7,0.3,1.3,0,DoylJa00
603,Perry Lee Dunn,1969,28,BAL,rb,5,1,,5,0.0%,30,6.0,0,10,,1.0,6.0,1,DunnPe00
604,Brody Eldridge,2010,23,IND,TE,14,8,9,5,55.6%,39,7.8,0,10,4.3,0.4,2.8,0,EldrBr00
605,Owen Gill,1985,23,IND,rb,15,0,,5,0.0%,52,10.4,0,20,,0.3,3.5,1,GillOw20
606,Anthony Gonzalez,2010,26,IND,wr,2,0,9,5,55.6%,67,13.4,0,34,7.4,2.5,33.5,0,GonzAn00
607,Mike Hart,2009,23,IND,rb,9,0,8,5,62.5%,54,10.8,0,14,6.8,0.6,6.0,0,HartMi00
608,Jerry Hill,1966,27,BAL,fb,11,5,,5,0.0%,18,3.6,0,7,,0.5,1.6,2,HillJe00
609,Anthony Johnson,1990,23,IND,rb,16,0,,5,0.0%,32,6.4,2,15,,0.3,2.0,0,JohnAn00
610,Lenny Lyles,1958,22,BAL,hb,12,0,,5,0.0%,24,4.8,1,11,,0.4,2.0,4,LyleLe00
611,Sammy Martin,1991,26,IND,wr,8,0,,5,0.0%,79,15.8,0,25,,0.6,9.9,1,MartSa00
612,Frank Middleton,1985,25,IND,rb,5,2,,5,0.0%,54,10.8,0,34,,1.0,10.8,0,MiddFr00
613,James Pruitt,1989,25,IND,wr,16,3,,5,0.0%,71,14.2,1,40,,0.3,4.4,2,PruiJa00
614,Tim Sherwin,1985,27,IND,te,8,0,,5,0.0%,64,12.8,0,29,,0.6,8.0,1,SherTi00
615,Zurlon Tipton,2015,25,IND,rb,10,0,8,5,62.5%,57,11.4,0,27,7.1,0.5,5.7,0,TiptZu01
616,Jonathan Williams,2019,25,IND,rb,9,1,5,5,100.0%,59,11.8,0,31,11.8,0.6,6.6,0,WillJo07
617,George Wonsley,1987,27,IND,rb,11,0,,5,0.0%,48,9.6,0,16,,0.5,4.4,1,WonsGe00
618,Charles Arbuckle,1995,27,IND,te,3,3,4,4,100.0%,33,8.3,0,12,8.3,1.3,11.0,0,ArbuCh00
619,Hank Baskett,2009,27,IND,wr,11,0,10,4,40.0%,28,7.0,0,9,2.8,0.4,2.5,0,BaskHa00
620,Pat Beach,1982,23,BAL,te,9,1,,4,0.0%,45,11.3,1,17,,0.4,5.0,0,BeacPa00
621,Timmy Brown,1968,31,BAL,rb,11,0,,4,0.0%,53,13.3,0,18,,0.4,4.8,2,BrowTi01
622,Deon Cain,2019,23,IND,wr,7,3,14,4,28.6%,52,13.0,0,25,3.7,0.6,7.4,0,CainDe00
623,Jack Call,1957,22,BAL,hb,12,1,,4,0.0%,18,4.5,0,8,,0.3,1.5,0,CallJa20
624,Jack Call,1958,23,BAL,hb,12,2,,4,0.0%,28,7.0,0,12,,0.3,2.3,3,CallJa20
625,Aaron Cox,1993,28,IND,wr,11,0,5,4,80.0%,59,14.8,0,24,11.8,0.4,5.4,0,CoxxAa00
626,Najeh Davenport,2008,29,IND,rb,2,0,4,4,100.0%,54,13.5,0,33,13.5,2.0,27.0,0,DaveNa00
627,Brian DeRoo,1979,23,BAL,wr,16,1,,4,0.0%,82,20.5,1,67,,0.3,5.1,0,DeRoBr20
628,Keith Elias,1999,27,IND,rb,14,0,5,4,80.0%,16,4.0,0,7,3.2,0.3,1.1,0,EliaKe00
629,Jim Finn,2000,24,IND,fb,16,1,6,4,66.7%,13,3.3,1,6,2.2,0.3,0.8,1,FinnJi00
630,Pierre Garcon,2008,22,IND,wr,14,0,4,4,100.0%,23,5.8,0,12,5.8,0.3,1.6,0,GarcPi00
631,James Harbour,1986,24,IND,wr,9,0,,4,0.0%,46,11.5,0,28,,0.4,5.1,0,HarbJa20
632,Ben Hartsock,2004,24,IND,te,16,3,8,4,50.0%,33,8.3,0,17,4.1,0.3,2.1,0,HartBe00
633,Alex Hawkins,1962,25,BAL,hb,13,2,,4,0.0%,37,9.3,0,14,,0.3,2.8,3,HawkAl00
634,Dontrelle Inman,2019,30,IND,wr,3,0,8,4,50.0%,49,12.3,0,22,6.1,1.3,16.3,0,InmaDo00
635,Marshall Johnson,1975,23,BAL,rb,14,0,,4,0.0%,115,28.8,2,68,,0.3,8.2,1,JohnMa02
636,Luke Lawton,2007,27,IND,rb,11,0,4,4,100.0%,29,7.3,1,11,7.3,0.4,2.6,0,LawtLu00
637,Dee Mackey,1961,27,BAL,te,14,2,,4,0.0%,66,16.5,0,19,,0.3,4.7,0,MackDe00
638,Preston Pearson,1969,24,BAL,rb,14,2,,4,0.0%,64,16.0,0,37,,0.3,4.6,2,PearPr00
639,Bert Rechichar,1958,28,BAL,lb,12,0,,4,0.0%,34,8.5,1,12,,0.3,2.8,1,RechBe00
640,Weslye Saunders,2013,24,IND,te,6,1,11,4,36.4%,46,11.5,0,18,4.2,0.7,7.7,0,SaunWe00
641,Paul Shields,1999,23,IND,rb,13,3,7,4,57.1%,37,9.3,0,21,5.3,0.3,2.8,0,ShiePa00
642,Stacey Simmons,1990,22,IND,wr,14,1,,4,0.0%,33,8.3,0,12,,0.3,2.4,1,SimmSt20
643,Ross Travis,2019,26,IND,lb,3,1,6,4,66.7%,51,12.8,0,25,8.5,1.3,17.0,1,TravRo00
644,Newton Williams,1983,24,BAL,rb,16,0,,4,0.0%,46,11.5,0,19,,0.3,2.9,0,WillNe20
645,Vince Workman,1996,28,IND,rb,9,0,4,4,100.0%,36,9.0,0,18,9.0,0.4,4.0,0,WorkVi00
646,Quan Bray,2016,23,IND,wr,6,0,4,3,75.0%,36,12.0,0,22,9.0,0.5,6.0,0,BrayQu00
647,Quan Bray,2017,24,IND,wr,9,0,4,3,75.0%,39,13.0,0,22,9.8,0.3,4.3,1,BrayQu00
648,Maurice Carthon,1992,31,IND,fb,16,5,7,3,42.9%,10,3.3,0,6,1.4,0.2,0.6,0,CartMa00
649,Lloyd Colteryahn,1956,25,BAL,e,3,1,,3,0.0%,29,9.7,0,16,,1.0,9.7,0,ColtLl20
650,Darrell Daniels,2017,23,IND,te,12,3,13,3,23.1%,26,8.7,0,13,2.0,0.3,2.2,0,DaniDa02
651,Joe Davenport,2003,27,IND,te,16,2,8,3,37.5%,23,7.7,0,9,2.9,0.2,1.4,0,DaveJo00
652,Curtis Dickey,1985,29,IND,rb,6,0,,3,0.0%,30,10.0,0,11,,0.5,5.0,0,DickCu00
653,Glenn Doughty,1972,21,BAL,wr,5,0,,3,0.0%,31,10.3,0,19,,0.6,6.2,0,DougGl00
654,Ashton Dulin,2020,23,IND,wr,13,0,6,3,50.0%,53,17.7,0,34,8.8,0.2,4.1,1,DuliAs00
655,Josh Ferguson,2017,24,IND,rb,10,0,4,3,75.0%,16,5.3,0,8,4.0,0.3,1.6,0,FergJo02
656,Devin Funchess,2019,25,IND,wr,1,1,5,3,60.0%,32,10.7,0,16,6.4,3.0,32.0,0,FuncDe00
657,Ben Garry,1979,23,BAL,rb,11,0,,3,0.0%,9,3.0,0,12,,0.3,0.8,1,GarrBe20
658,Hubert Ginn,1973,26,BAL,rb,9,0,,3,0.0%,2,0.7,0,6,,0.3,0.2,0,GinnHu00
659,Alex Hawkins,1963,26,BAL,wr,14,0,,3,0.0%,41,13.7,0,19,,0.2,2.9,0,HawkAl00
660,Greg Hawthorne,1987,31,IND,rb,3,3,,3,0.0%,41,13.7,0,21,,1.0,13.7,0,HawtGr00
661,Darvell Huffman,1991,24,IND,wr,3,0,,3,0.0%,14,4.7,0,7,,1.0,4.7,0,HuffDa20
662,Harry Hugasian,1955,26,BAL,db,2,1,,3,0.0%,32,10.7,0,13,,1.5,16.0,1,HugaHa20
663,Ronald Humphrey,1994,25,IND,rb,15,0,3,3,100.0%,19,6.3,0,12,6.3,0.2,1.3,4,HumpRo00
664,Joe Jones,1987,25,IND,te,3,2,,3,0.0%,25,8.3,1,13,,1.0,8.3,0,JoneJo22
665,Tommy Kalmanir,1953,27,BAL,hb,9,2,,3,0.0%,31,10.3,1,22,,0.3,3.4,1,KalmTo20
666,Tom Keane*+,1953,27,BAL,FS,12,12,,3,0.0%,61,20.3,0,37,,0.3,5.1,0,KeanTo00
667,Tim Kearse,1987,28,IND,wr,3,0,,3,0.0%,56,18.7,0,21,,1.0,18.7,0,KearTi21
668,Roosevelt Leaks,1977,24,BAL,FB,11,10,,3,0.0%,39,13.0,1,26,,0.3,3.5,3,LeakRo00
669,Hal Lewis,1959,24,BAL,hb,12,0,,3,0.0%,54,18.0,0,25,,0.3,4.5,1,LewiHa20
670,Marlon Mack,2020,24,IND,rb,1,1,3,3,100.0%,30,10.0,0,19,10.0,3.0,30.0,0,MackMa00
671,Don McCauley,1971,22,BAL,rb,13,0,,3,0.0%,6,2.0,0,8,,0.2,0.5,0,McCaDo00
672,James Mungro,2005,27,IND,rb,12,0,3,3,100.0%,28,9.3,0,17,9.3,0.3,2.3,0,MungJa00
673,Jimmy Orr,1967,32,BAL,fl,5,1,,3,0.0%,72,24.0,1,55,,0.6,14.4,0,OrrxJi00
674,Bruce Perkins,1991,24,IND,rb,14,1,,3,0.0%,-2,-0.7,0,3,,0.2,-0.1,0,PerkBr00
675,Billy Pricer,1958,24,BAL,fb,12,0,,3,0.0%,14,4.7,0,6,,0.3,1.2,0,PricBi00
676,Ricky Proehl,2006,38,IND,wr,2,1,4,3,75.0%,30,10.0,0,13,7.5,1.5,15.0,0,ProeRi00
677,Bert Rechichar,1953,23,BAL,LDH,11,11,,3,0.0%,151,50.3,2,66,,0.3,13.7,0,RechBe00
678,Willie Richardson,1964,25,BAL,wr,10,2,,3,0.0%,42,14.0,0,16,,0.3,4.2,0,RichWi00
679,Gijon Robinson,2010,26,IND,te,11,2,7,3,42.9%,12,4.0,1,6,1.7,0.3,1.1,0,RobiGi21
680,Freddie Scott,1976,24,BAL,wr,10,0,,3,0.0%,35,11.7,0,18,,0.3,3.5,0,ScotFr01
681,Tim Sherwin,1986,28,IND,te,7,2,,3,0.0%,26,8.7,1,15,,0.4,3.7,0,SherTi00
682,Burrell Shields,1955,26,BAL,hb,8,3,,3,0.0%,27,9.0,0,19,,0.4,3.4,0,ShieBu20
683,Chad Simpson,2008,23,IND,rb,11,0,4,3,75.0%,30,10.0,0,15,7.5,0.3,2.7,1,SimpCh00
684,Chad Simpson,2009,24,IND,rb,14,0,4,3,75.0%,1,0.3,0,5,0.3,0.2,0.1,0,SimpCh00
685,Scott Slutzker,1997,25,IND,te,12,2,7,3,42.9%,22,7.3,0,11,3.1,0.3,1.8,0,SlutSc00
686,Jacob Tamme,2008,23,IND,te,12,0,5,3,60.0%,12,4.0,0,6,2.4,0.3,1.0,0,TammJa00
687,Jacob Tamme,2009,24,IND,te,16,1,10,3,30.0%,35,11.7,0,21,3.5,0.2,2.2,0,TammJa00
688,Ben Utecht,2005,24,IND,te,12,2,12,3,25.0%,59,19.7,2,26,4.9,0.3,4.9,0,UtecBe00
689,Clarence Verdin*,1992,29,IND,wr,16,1,11,3,27.3%,37,12.3,0,21,3.4,0.2,2.3,2,VerdCl00
690,Lamont Warren,1994,21,IND,rb,11,0,5,3,60.0%,47,15.7,0,29,9.4,0.3,4.3,0,WarrLa00
691,Butch Wilson,1966,25,BAL,te,14,0,,3,0.0%,27,9.0,2,11,,0.2,1.9,0,WilsBu00
692,Kris Adams,2012,25,IND,wr,3,0,8,2,25.0%,26,13.0,0,13,3.3,0.7,8.7,0,AdamKr00
693,Aaron Bailey,1994,23,IND,wr,13,0,5,2,40.0%,30,15.0,0,23,6.0,0.2,2.3,0,BailAa00
694,Shannon Baker,1994,23,IND,wr,4,0,2,2,100.0%,15,7.5,0,10,7.5,0.5,3.8,0,BakeSh20
695,Zack Crockett,1995,23,IND,fb,16,0,4,2,50.0%,35,17.5,0,19,8.8,0.1,2.2,0,CrocZa00
696,Clifton Dawson,2007,24,IND,rb,11,0,9,2,22.2%,15,7.5,0,9,1.7,0.2,1.4,0,DawsCl00
697,Brian DeRoo,1980,24,BAL,wr,16,0,,2,0.0%,34,17.0,0,18,,0.1,2.1,0,DeRoBr20
698,Chris Doering,1997,24,IND,wr,2,0,2,2,100.0%,12,6.0,0,8,6.0,1.0,6.0,0,DoerCh00
699,Ashton Dulin,2019,22,IND,wr,13,0,2,2,100.0%,17,8.5,0,13,8.5,0.2,1.3,0,DuliAs00
700,Jerome Felton,2011,25,IND,rb,5,2,2,2,100.0%,16,8.0,0,9,8.0,0.4,3.2,0,FeltJe00
701,Daurice Fountain,2020,25,IND,wr,5,0,3,2,66.7%,23,11.5,0,12,7.7,0.4,4.6,0,FounDa00
702,Ben Hartsock,2005,25,IND,te,7,0,2,2,100.0%,8,4.0,0,7,4.0,0.3,1.1,0,HartBe00
703,Alex Hawkins,1964,27,BAL,hb,14,0,,2,0.0%,42,21.0,1,27,,0.1,3.0,1,HawkAl00
704,Alex Hawkins,1965,28,BAL,wr,14,0,,2,0.0%,32,16.0,1,27,,0.1,2.3,0,HawkAl00
705,Alex Hawkins,1968,31,BAL,fl,10,0,,2,0.0%,31,15.5,0,18,,0.2,3.1,0,HawkAl00
706,Bernard Henry,1985,25,IND,wr,1,1,,2,0.0%,31,15.5,0,16,,2.0,31.0,0,HenrBe00
707,Anthony Hill,2011,26,IND,te,7,2,3,2,66.7%,10,5.0,0,5,3.3,0.3,1.4,0,HillAn00
708,Ronald Humphrey,1995,26,IND,rb,11,0,2,2,100.0%,11,5.5,0,6,5.5,0.2,1.0,1,HumpRo00
709,Dominique Jones,2013,26,IND,te,6,2,3,2,66.7%,34,17.0,0,21,11.3,0.3,5.7,0,JoneDo01
710,Jimmie Kennedy,1975,23,BAL,te,14,0,,2,0.0%,15,7.5,1,12,,0.1,1.1,0,KennJi00
711,Ed Kovac,1960,22,BAL,hb,12,0,,2,0.0%,27,13.5,0,25,,0.2,2.3,1,KovaEd00
712,Marlon Mack,2021,25,IND,rb,6,0,5,2,40.0%,8,4.0,0,7,1.6,0.3,1.3,0,MackMa00
713,Tim Manoa,1991,27,IND,rb,9,5,,2,0.0%,5,2.5,0,5,,0.2,0.6,1,ManoTi00
714,Reese McCall,1982,26,BAL,te,7,0,,2,0.0%,6,3.0,0,4,,0.3,0.9,0,McCaRe00
715,Chris McLemore,1987,24,IND,rb,2,2,,2,0.0%,9,4.5,0,5,,1.0,4.5,1,McLeCh20
716,Walter Murray,1986,24,IND,wr,5,0,,2,0.0%,34,17.0,0,24,,0.4,6.8,0,MurrWa00
717,Don Nottingham,1973,24,BAL,rb,3,3,,2,0.0%,10,5.0,0,5,,0.7,3.3,0,NottDo00
718,Bill Olds,1973,22,BAL,rb,13,1,,2,0.0%,-4,-2.0,0,-1,,0.2,-0.3,0,OldsBi00
719,Dezmon Patmon,2021,23,IND,wr,8,0,4,2,50.0%,21,10.5,1,14,5.3,0.3,2.6,0,PatmDe00
720,Preston Pearson,1968,23,BAL,rb,14,0,,2,0.0%,70,35.0,2,61,,0.1,5.0,2,PearPr00
721,Neal Petties,1964,24,BAL,e,14,0,,2,0.0%,20,10.0,1,15,,0.1,1.4,0,PettNe00
722,Billy Pricer,1959,25,BAL,fb,12,1,,2,0.0%,3,1.5,0,4,,0.2,0.3,1,PricBi00
723,Brad Pyatt,2004,24,IND,wr,8,0,2,2,100.0%,12,6.0,0,7,6.0,0.3,1.5,0,PyatBr00
724,Dominic Rhodes,2004,25,IND,rb,16,0,4,2,50.0%,24,12.0,0,20,6.0,0.1,1.5,2,RhodDo00
725,Mike Roberg,2002,25,IND,te,12,1,4,2,50.0%,17,8.5,1,15,4.3,0.2,1.4,0,RobeMi00
726,Weslye Saunders,2012,23,IND,te,11,4,4,2,50.0%,15,7.5,0,11,3.8,0.2,1.4,0,SaunWe00
727,Tim Sherwin,1981,23,BAL,te,16,2,,2,0.0%,19,9.5,0,11,,0.1,1.2,0,SherTi00
728,Tony Simmons,2001,27,IND,wr,6,0,6,2,33.3%,17,8.5,0,12,2.8,0.3,2.8,0,SimmTo00
729,Holden Smith,1982,24,BAL,wr,3,0,,2,0.0%,36,18.0,0,23,,0.7,12.0,0,SmitHo20
730,Mark Stock,1996,30,IND,wr,14,0,4,2,50.0%,24,12.0,0,13,6.0,0.1,1.7,0,StocMa20
731,Mike Strachan,2021,24,IND,wr,6,0,3,2,66.7%,26,13.0,0,16,8.7,0.3,4.3,0,StraMi03
732,Ross Travis,2017,24,IND,lb,4,0,5,2,40.0%,33,16.5,0,20,6.6,0.5,8.3,0,TravRo00
733,Clarence Verdin,1993,30,IND,wr,16,0,6,2,33.3%,20,10.0,1,19,3.3,0.1,1.3,3,VerdCl00
734,Griff Whalen,2014,24,IND,wr,10,0,3,2,66.7%,23,11.5,0,18,7.7,0.2,2.3,2,WhalGr00
735,Jermaine Wiggins,2002,27,IND,te,3,0,5,2,40.0%,17,8.5,0,9,3.4,0.7,5.7,1,WiggJe00
736,Dick Young,1955,25,BAL,fb,11,0,,2,0.0%,15,7.5,0,11,,0.2,1.4,2,YounDi20
737,Dwayne Allen,2013,23,IND,te,1,1,2,1,50.0%,20,20.0,1,20,10.0,1.0,20.0,0,AlleDw00
738,Don Alley,1967,22,BAL,wr,10,0,,1,0.0%,11,11.0,0,11,,0.1,1.1,0,AlleDo00
739,John Andrews,1973,25,BAL,te,8,1,,1,0.0%,1,1.0,1,1,,0.1,0.1,0,AndrJo00
740,Charles Arbuckle,1994,26,IND,te,7,1,2,1,50.0%,7,7.0,0,7,3.5,0.1,1.0,0,ArbuCh00
741,Brian Baldinger,1988,28,IND,t,16,3,,1,0.0%,37,37.0,0,37,,0.1,2.3,0,BaldBr20
742,Lance Ball,2008,23,IND,rb,1,0,1,1,100.0%,5,5.0,0,5,5.0,1.0,5.0,1,BallLa00
743,Vick Ballard,2013,23,IND,rb,1,1,2,1,50.0%,-5,-5.0,0,-5,-2.5,1.0,-5.0,0,BallVi00
744,Bradford Banta,1995,25,IND,ls,16,2,5,1,20.0%,6,6.0,0,6,1.2,0.1,0.4,0,BantBr00
745,Bradford Banta,1998,28,IND,ls,16,0,2,1,50.0%,7,7.0,0,7,3.5,0.1,0.4,0,BantBr00
746,Jacoby Brissett,2019,27,IND,QB,15,15,1,1,100.0%,2,2.0,0,2,2.0,0.1,0.1,7,BrisJa00
747,Steve Bryant,1987,28,IND,wr,1,0,,1,0.0%,12,12.0,0,12,,1.0,12.0,0,BryaSt00
748,Delone Carter,2012,25,IND,rb,10,0,2,1,50.0%,13,13.0,0,13,6.5,0.1,1.3,1,CartDe01
749,Ran Carthon,2005,24,IND,rb,6,0,1,1,100.0%,10,10.0,0,10,10.0,0.2,1.7,1,CartRa00
750,Kerry Cash,1991,22,IND,te,4,2,,1,0.0%,18,18.0,0,18,,0.3,4.5,0,CashKe01
751,Anthony Castonzo,2014,26,IND,LT,16,16,1,1,100.0%,1,1.0,1,1,1.0,0.1,0.1,0,CastAn00
752,Tashard Choice,2013,29,IND,rb,3,0,1,1,100.0%,5,5.0,0,5,5.0,0.3,1.7,0,ChoiTa00
753,Colin Cloherty,2009,22,IND,te,1,0,1,1,100.0%,2,2.0,0,2,2.0,1.0,2.0,0,ClohCo00
754,James Coley,1991,24,IND,te,7,4,,1,0.0%,13,13.0,0,13,,0.1,1.9,0,ColeJa20
755,Austin Collie,2012,27,IND,wr,1,0,1,1,100.0%,6,6.0,0,6,6.0,1.0,6.0,0,CollAu00
756,Keke Coutee,2021,24,IND,wr,2,0,1,1,100.0%,5,5.0,0,5,5.0,0.5,2.5,0,CoutKe00
757,Josh Cribbs,2014,31,IND,wr,6,0,1,1,100.0%,8,8.0,0,8,8.0,0.2,1.3,2,CribJo01
758,Zack Crockett,1998,26,IND,fb,2,1,2,1,50.0%,1,1.0,0,1,0.5,0.5,0.5,1,CrocZa00
759,Justice Cunningham,2013,22,IND,te,1,0,1,1,100.0%,4,4.0,0,4,4.0,1.0,4.0,0,CunnJu00
760,Mike Curtis,1965,22,BAL,fb,14,0,,1,0.0%,5,5.0,0,5,,0.1,0.4,0,CurtMi00
761,Art DeCarlo,1958,27,BAL,db,12,0,,1,0.0%,10,10.0,0,10,,0.1,0.8,0,DeCaAr00
762,Brian DeRoo,1981,25,BAL,wr,16,0,,1,0.0%,38,38.0,0,38,,0.1,2.4,0,DeRoBr20
763,Zachary Dixon,1983,27,BAL,rb,2,0,,1,0.0%,2,2.0,0,2,,0.5,1.0,0,DixoZa00
764,Chris Doering,1996,23,IND,wr,1,0,1,1,100.0%,10,10.0,0,10,10.0,1.0,10.0,0,DoerCh00
765,Ray Donaldson*,1988,30,IND,C,16,16,,1,0.0%,-3,-3.0,0,-3,,0.1,-0.2,0,DonaRa00
766,Keith Elias,1998,26,IND,rb,13,0,1,1,100.0%,11,11.0,0,11,11.0,0.1,0.8,0,EliaKe00
767,Carlos Etheredge,1994,24,IND,te,9,0,1,1,100.0%,6,6.0,0,6,6.0,0.1,0.7,0,EtheCa20
768,Ben Garry,1980,24,BAL,rb,3,0,,1,0.0%,9,9.0,0,9,,0.3,3.0,1,GarrBe20
769,Tarik Glenn,1997,21,IND,RG,16,16,1,1,100.0%,3,3.0,0,3,3.0,0.1,0.2,0,GlenTa99
770,Scott Greene,1998,26,IND,rb,5,0,1,1,100.0%,2,2.0,0,2,2.0,0.2,0.4,0,GreeSc00
771,Scott Greene,1999,27,IND,rb,5,0,1,1,100.0%,4,4.0,0,4,4.0,0.2,0.8,0,GreeSc00
772,Drew Haddad,2002,24,IND,wr,1,0,1,1,100.0%,11,11.0,0,11,11.0,1.0,11.0,0,HaddDr00
773,Roy Hall,2008,25,IND,wr,4,0,4,1,25.0%,9,9.0,0,9,2.3,0.3,2.3,0,HallRo02
774,Jim Harbaugh*,1995,32,IND,QB,15,12,1,1,100.0%,-9,-9.0,0,-9,-9.0,0.1,-0.6,4,HarbJi00
775,Mike Hart,2008,22,IND,rb,5,0,1,1,100.0%,18,18.0,0,18,18.0,0.2,3.6,1,HartMi00
776,Sam Havrilak,1969,22,BAL,rb,14,0,,1,0.0%,5,5.0,0,5,,0.1,0.4,4,HavrSa00
777,Sam Havrilak,1971,24,BAL,wr,14,0,,1,0.0%,12,12.0,0,12,,0.1,0.9,0,HavrSa00
778,Sam Havrilak,1973,26,BAL,wr,14,0,,1,0.0%,9,9.0,0,9,,0.1,0.6,0,HavrSa00
779,Matt Hazel,2017,25,IND,wr,4,0,1,1,100.0%,1,1.0,0,1,1.0,0.3,0.3,0,HazeMa01
780,Dan Herron,2013,24,IND,rb,6,0,1,1,100.0%,57,57.0,0,57,57.0,0.2,9.5,0,HerrDa00
781,Ryan Hewitt,2018,27,IND,te,12,2,2,1,50.0%,1,1.0,1,1,0.5,0.1,0.1,0,HewiRy00
782,Craig Heyward,1998,32,IND,rb,4,3,1,1,100.0%,9,9.0,0,9,9.0,0.3,2.3,0,HeywCr00
783,Chris Hinton*,1988,27,IND,LT,14,13,,1,0.0%,1,1.0,0,1,,0.1,0.1,0,HintCh00
784,Ken Huff,1981,28,BAL,RG,16,16,,1,0.0%,-1,-1.0,0,-1,,0.1,-0.1,0,HuffKe20
785,Robert Hughes,2012,23,IND,rb,5,1,1,1,100.0%,3,3.0,0,3,3.0,0.2,0.6,0,HughRo00
786,Robert Hughes,2013,24,IND,rb,1,0,2,1,50.0%,6,6.0,0,6,3.0,1.0,6.0,0,HughRo00
787,Charlie Johnson,2008,24,IND,LG/lt,16,16,1,1,100.0%,-2,-2.0,0,-2,-2.0,0.1,-0.1,0,JohnCh23
788,Kelley Johnson,1987,25,IND,wr,3,0,,1,0.0%,15,15.0,0,15,,0.3,5.0,1,JohnKe20
789,Marshall Johnson,1978,26,BAL,wr,15,1,,1,0.0%,22,22.0,0,22,,0.1,1.5,5,JohnMa02
790,Dominique Jones,2012,25,IND,te,4,1,1,1,100.0%,8,8.0,0,8,8.0,0.3,2.0,0,JoneDo01
791,Isaac Jones,1999,24,IND,wr,1,1,3,1,33.3%,8,8.0,0,8,2.7,1.0,8.0,0,JoneIs00
792,Ryan Kelly,2018,25,IND,C,12,12,1,1,100.0%,-4,-4.0,0,-4,-4.0,0.1,-0.3,1,KellRy00
793,Jimmie Kennedy,1976,24,BAL,te,14,0,,1,0.0%,32,32.0,0,32,,0.1,2.3,0,KennJi00
794,Dan Klecko,2006,25,IND,dt,10,0,1,1,100.0%,2,2.0,1,2,2.0,0.1,0.2,0,KlecDa20
795,Barry Krauss,1982,25,BAL,RILB,9,8,,1,0.0%,5,5.0,1,5,,0.1,0.6,0,KrauBa21
796,Roosevelt Leaks,1975,22,BAL,rb,11,0,,1,0.0%,5,5.0,0,5,,0.1,0.5,2,LeakRo00
797,Ron Lee,1976,23,BAL,rb,14,0,,1,0.0%,-9,-9.0,0,-9,,0.1,-0.6,1,LeexRo00
798,Joe Don Looney,1964,22,BAL,fb,13,0,,1,0.0%,1,1.0,1,1,,0.1,0.1,0,LoonJo00
799,Andrew Luck*,2018,29,IND,QB,16,16,2,1,50.0%,4,4.0,0,4,2.0,0.1,0.3,6,LuckAn00
800,Ryan Mahaffey,2011,24,IND,rb,5,0,1,1,100.0%,5,5.0,0,5,5.0,0.2,1.0,0,MahaRy00
801,Peyton Manning*+,2003,27,IND,QB,16,16,1,1,100.0%,-2,-2.0,0,-2,-2.0,0.1,-0.1,6,MannPe00
802,Robbie Martin,1986,28,IND,wr,7,0,,1,0.0%,41,41.0,0,41,,0.1,5.9,4,MartRo20
803,Tom Matte,1961,22,BAL,hb,8,2,,1,0.0%,8,8.0,0,8,,0.1,1.0,0,MattTo00
804,Tom Matte,1970,31,BAL,rb,2,2,,1,0.0%,2,2.0,0,2,,0.5,1.0,0,MattTo00
805,Kevin McDougal,2001,24,IND,rb,9,0,2,1,50.0%,10,10.0,0,10,5.0,0.1,1.1,0,McDoKe01
806,Steve McKinney,2001,26,IND,LG,14,14,1,1,100.0%,5,5.0,0,5,5.0,0.1,0.4,0,McKiSt20
807,Aaron Moorehead,2004,24,IND,wr,7,0,3,1,33.3%,7,7.0,0,7,2.3,0.1,1.0,0,MoorAa00
808,John Mosier,1972,24,BAL,te,14,0,,1,0.0%,53,53.0,0,53,,0.1,3.8,0,MosiJo00
809,James Mungro,2003,25,IND,rb,7,0,5,1,20.0%,-4,-4.0,0,-4,-0.8,0.1,-0.6,0,MungJa00
810,Jim Mutscheller,1954,24,BAL,de,12,3,,1,0.0%,49,49.0,0,49,,0.1,4.1,0,MutsJi00
811,Jim O'Brien,1970,23,BAL,k,14,0,,1,0.0%,28,28.0,0,28,,0.1,2.0,0,OBriJi20
812,Joe Orduna,1974,26,BAL,rb,14,0,,1,0.0%,8,8.0,0,8,,0.1,0.6,0,OrduJo00
813,R.C. Owens,1963,29,BAL,wr,3,0,,1,0.0%,7,7.0,0,7,,0.3,2.3,0,OwenR.00
814,Mike Pagel,1985,25,IND,QB,16,14,,1,0.0%,6,6.0,0,6,,0.1,0.4,6,PageMi00
815,Nathan Palmer,2012,23,IND,wr,5,0,4,1,25.0%,-4,-4.0,0,-4,-1.0,0.2,-0.8,0,PalmNa00
816,Bill Pellington,1955,28,BAL,LLB,12,12,,1,0.0%,10,10.0,0,10,,0.1,0.8,0,PellBi20
817,Bill Pellington,1958,31,BAL,LLB,12,12,,1,0.0%,-1,-1.0,0,-1,,0.1,-0.1,0,PellBi20
818,Danny Pinter,2021,25,IND,g,16,3,1,1,100.0%,2,2.0,1,2,2.0,0.1,0.1,0,PintDa00
819,Mike Prior,1990,27,IND,FS,16,16,,1,0.0%,40,40.0,0,40,,0.1,2.5,1,PrioMi20
820,Mike Prior,1992,29,IND,FS,16,16,1,1,100.0%,17,17.0,0,17,17.0,0.1,1.1,0,PrioMi20
821,Brad Pyatt,2003,23,IND,wr,8,0,1,1,100.0%,2,2.0,0,2,2.0,0.1,0.3,2,PyatBr00
822,David Reed,2013,26,IND,wr,7,0,3,1,33.3%,2,2.0,0,2,0.7,0.1,0.3,0,ReedDa00
823,Dominic Rhodes,2010,31,IND,rb,3,0,4,1,25.0%,4,4.0,0,4,1.0,0.3,1.3,1,RhodDo00
824,Willie Richardson,1965,26,BAL,fl,9,0,,1,0.0%,14,14.0,1,14,,0.1,1.6,0,RichWi00
825,Samson Satele,2013,29,IND,C,13,13,1,1,100.0%,0,0.0,0,0,0.0,0.1,0.0,0,SateSa20
826,William Schultz,1992,25,IND,g,10,2,1,1,100.0%,3,3.0,1,3,3.0,0.1,0.3,0,SchuWi20
827,Dave Sherer,1959,22,BAL,e,12,0,,1,0.0%,9,9.0,0,9,,0.1,0.8,1,SherDa00
828,Don Shula,1953,23,BAL,RDH,12,12,,1,0.0%,6,6.0,0,6,,0.1,0.5,0,ShulDo20
829,Detron Smith,2002,28,IND,rb,11,2,1,1,100.0%,14,14.0,0,14,14.0,0.1,1.3,0,SmitDe00
830,Ollie Smith,1973,24,BAL,wr,7,0,,1,0.0%,37,37.0,0,37,,0.1,5.3,1,SmitOl00
831,Ollie Smith,1974,25,BAL,wr,1,0,,1,0.0%,14,14.0,0,14,,1.0,14.0,1,SmitOl00
832,Mike Sommer,1961,27,BAL,hb,4,1,,1,0.0%,31,31.0,0,31,,0.3,7.8,0,SommMi00
833,Devin Street,2016,25,IND,wr,5,0,6,1,16.7%,20,20.0,0,20,3.3,0.2,4.0,0,StreDe00
834,Dick Szymanski,1961,29,BAL,C,14,14,,1,0.0%,5,5.0,0,5,,0.1,0.4,0,SzymDi00
835,Carl Taseff,1955,27,BAL,RDH,11,10,,1,0.0%,3,3.0,0,3,,0.1,0.3,0,TaseCa20
836,Carl Taseff,1960,32,BAL,db,12,1,,1,0.0%,13,13.0,0,13,,0.1,1.1,0,TaseCa20
837,Ricky Thompson,1976,22,BAL,wr,9,0,,1,0.0%,11,11.0,0,11,,0.1,1.2,0,ThomRi00
838,Ricky Thompson,1977,23,BAL,wr,5,1,,1,0.0%,15,15.0,0,15,,0.2,3.0,0,ThomRi00
839,Reggie Thornton,1991,24,IND,wr,5,0,,1,0.0%,38,38.0,0,38,,0.2,7.6,0,ThorRe20
840,Ed Toner,1993,25,IND,rb,16,1,1,1,100.0%,5,5.0,0,5,5.0,0.1,0.3,0,ToneEd21
841,Robert Turbin,2018,29,IND,rb,2,0,2,1,50.0%,3,3.0,0,3,1.5,0.5,1.5,1,TurbRo00
842,Bake Turner,1962,22,BAL,fl,14,0,,1,0.0%,111,111.0,1,74,,0.1,7.9,1,TurnBa00
843,Johnny Unitas,1956,23,BAL,QB,12,7,,1,0.0%,1,1.0,0,1,,0.1,0.1,4,UnitJo00
844,Ben Utt,1987,28,IND,LG,12,12,,1,0.0%,-4,-4.0,0,-4,,0.1,-0.3,0,UttxBe20
845,Tyler Varga,2015,22,IND,rb,3,0,2,1,50.0%,18,18.0,0,18,9.0,0.3,6.0,0,VargTy00
846,Troy Walters,2004,28,IND,wr,5,0,1,1,100.0%,5,5.0,0,5,5.0,0.2,1.0,0,WaltTr00
847,Ricky Williams,2002,24,IND,rb,10,0,2,1,50.0%,20,20.0,1,20,10.0,0.1,2.0,0,WillRi01
848,Butch Wilson,1965,24,BAL,te,14,0,,1,0.0%,38,38.0,0,38,,0.1,2.7,0,WilsBu00
849,Royce Womble,1955,24,BAL,hb,3,2,,1,0.0%,14,14.0,0,14,,0.3,4.7,0,WombRo00
850,Johnnie Wright,1982,24,BAL,rb,7,0,,1,0.0%,12,12.0,0,12,,0.1,1.7,0,WrigJo21